id,user_id,category,status,created_at,cluster_id,cluster_label
1487,217,hygiene,resolved,2026-08-04 05:58:46.845782,-1,Uncategorized / one-off
1488,254,quantity,resolved,2026-08-04 05:58:46.845782,-1,Uncategorized / one-off
1489,273,food_quality,resolved,2026-08-04 05:58:46.845782,-1,Uncategorized / one-off
1490,339,quantity,resolved,2026-08-04 05:58:46.845782,-1,Uncategorized / one-off
1491,252,quantity,resolved,2026-08-04 05:58:46.845782,-1,Uncategorized / one-off
1492,340,hygiene,open,2026-08-04 05:58:46.845782,-1,Uncategorized / one-off
1493,362,quantity,resolved,2026-08-04 05:58:46.845782,-1,Uncategorized / one-off
1494,383,service,resolved,2026-08-04 05:58:46.845782,-1,Uncategorized / one-off
1495,221,quantity,resolved,2026-08-04 05:58:46.845782,-1,Uncategorized / one-off
1496,231,food_quality,resolved,2026-08-04 05:58:46.845782,-1,Uncategorized / one-off
1497,241,service,resolved,2026-08-04 05:58:46.845782,-1,Uncategorized / one-off
1498,297,food_quality,resolved,2026-08-04 05:58:46.845782,-1,Uncategorized / one-off
1499,303,quantity,resolved,2026-08-04 05:58:46.845782,-1,Uncategorized / one-off
1500,372,food_quality,resolved,2026-08-04 05:58:46.845782,-1,Uncategorized / one-off
1501,399,hygiene,resolved,2026-08-04 05:58:46.845782,-1,Uncategorized / one-off
1502,273,service,open,2026-08-04 05:58:46.845782,-1,Uncategorized / one-off
1503,217,food_quality,open,2026-08-04 05:58:46.845782,-1,Uncategorized / one-off
1504,220,quantity,resolved,2026-08-04 05:58:46.845782,-1,Uncategorized / one-off
1505,231,quantity,resolved,2026-08-04 05:58:46.845782,-1,Uncategorized / one-off
1506,232,hygiene,open,2026-08-04 05:58:46.845782,-1,Uncategorized / one-off
1507,242,hygiene,resolved,2026-08-04 05:58:46.845782,-1,Uncategorized / one-off
1508,272,quantity,resolved,2026-08-04 05:58:46.845782,-1,Uncategorized / one-off
1509,359,hygiene,resolved,2026-08-04 05:58:46.845782,-1,Uncategorized / one-off
1510,313,hygiene,resolved,2026-08-04 05:58:46.845782,-1,Uncategorized / one-off
1511,220,service,resolved,2026-08-04 05:58:46.845782,-1,Uncategorized / one-off
1512,349,quantity,resolved,2026-08-04 05:58:46.845782,-1,Uncategorized / one-off
1513,358,service,resolved,2026-08-04 05:58:46.845782,-1,Uncategorized / one-off
1514,366,hygiene,resolved,2026-08-04 05:58:46.845782,-1,Uncategorized / one-off
1515,375,hygiene,resolved,2026-08-04 05:58:46.845782,-1,Uncategorized / one-off
1516,397,food_quality,resolved,2026-08-04 05:58:46.845782,-1,Uncategorized / one-off
1517,208,food_quality,resolved,2026-08-04 05:58:46.845782,-1,Uncategorized / one-off
1518,292,service,resolved,2026-08-04 05:58:46.845782,-1,Uncategorized / one-off
1519,327,quantity,resolved,2026-08-04 05:58:46.845782,-1,Uncategorized / one-off
1520,334,service,resolved,2026-08-04 05:58:46.845782,-1,Uncategorized / one-off
1521,356,hygiene,open,2026-08-04 05:58:46.845782,-1,Uncategorized / one-off
1522,357,food_quality,resolved,2026-08-04 05:58:46.845782,-1,Uncategorized / one-off
1523,399,quantity,resolved,2026-08-04 05:58:46.845782,-1,Uncategorized / one-off
1524,232,quantity,resolved,2026-08-04 05:58:46.845782,-1,Uncategorized / one-off
1525,242,quantity,open,2026-08-04 05:58:46.845782,-1,Uncategorized / one-off
1526,252,quantity,resolved,2026-08-04 05:58:46.845782,-1,Uncategorized / one-off
1527,271,food_quality,open,2026-08-04 05:58:46.845782,-1,Uncategorized / one-off
1528,322,hygiene,open,2026-08-04 05:58:46.845782,-1,Uncategorized / one-off
1529,390,service,resolved,2026-08-04 05:58:46.845782,-1,Uncategorized / one-off
1530,211,hygiene,resolved,2026-08-04 05:58:46.845782,-1,Uncategorized / one-off
1531,216,quantity,resolved,2026-08-04 05:58:46.845782,-1,Uncategorized / one-off
1532,232,food_quality,open,2026-08-04 05:58:46.845782,-1,Uncategorized / one-off
1533,330,service,open,2026-08-04 05:58:46.845782,-1,Uncategorized / one-off
1534,374,hygiene,resolved,2026-08-04 05:58:46.845782,-1,Uncategorized / one-off
1535,228,hygiene,resolved,2026-08-04 05:58:46.845782,-1,Uncategorized / one-off
1536,241,quantity,resolved,2026-08-04 05:58:46.845782,-1,Uncategorized / one-off
1537,242,hygiene,resolved,2026-08-04 05:58:46.845782,-1,Uncategorized / one-off
1538,248,quantity,resolved,2026-08-04 05:58:46.845782,-1,Uncategorized / one-off
1539,271,hygiene,resolved,2026-08-04 05:58:46.845782,-1,Uncategorized / one-off
1540,287,quantity,open,2026-08-04 05:58:46.845782,-1,Uncategorized / one-off
1541,291,quantity,open,2026-08-04 05:58:46.845782,-1,Uncategorized / one-off
1542,298,food_quality,open,2026-08-04 05:58:46.845782,-1,Uncategorized / one-off
1543,312,hygiene,open,2026-08-04 05:58:46.845782,-1,Uncategorized / one-off
1544,357,service,resolved,2026-08-04 05:58:46.845782,-1,Uncategorized / one-off
1545,363,food_quality,resolved,2026-08-04 05:58:46.845782,-1,Uncategorized / one-off
1546,372,food_quality,resolved,2026-08-04 05:58:46.845782,-1,Uncategorized / one-off
1547,398,service,resolved,2026-08-04 05:58:46.845782,-1,Uncategorized / one-off
1548,233,hygiene,open,2026-08-04 05:58:46.845782,-1,Uncategorized / one-off
1549,252,hygiene,resolved,2026-08-04 05:58:46.845782,-1,Uncategorized / one-off
1550,271,service,resolved,2026-08-04 05:58:46.845782,-1,Uncategorized / one-off
1551,283,service,open,2026-08-04 05:58:46.845782,-1,Uncategorized / one-off
1552,346,quantity,open,2026-08-04 05:58:46.845782,-1,Uncategorized / one-off
1553,363,service,resolved,2026-08-04 05:58:46.845782,-1,Uncategorized / one-off
1554,379,quantity,open,2026-08-04 05:58:46.845782,-1,Uncategorized / one-off
1555,216,quantity,open,2026-08-04 05:58:46.845782,-1,Uncategorized / one-off
1556,233,food_quality,resolved,2026-08-04 05:58:46.845782,-1,Uncategorized / one-off
1557,293,food_quality,resolved,2026-08-04 05:58:46.845782,-1,Uncategorized / one-off
1558,305,hygiene,resolved,2026-08-04 05:58:46.845782,-1,Uncategorized / one-off
1559,339,service,open,2026-08-04 05:58:46.845782,-1,Uncategorized / one-off
1560,372,hygiene,resolved,2026-08-04 05:58:46.845782,-1,Uncategorized / one-off
1561,374,service,open,2026-08-04 05:58:46.845782,-1,Uncategorized / one-off
1562,215,hygiene,resolved,2026-08-04 05:58:46.845782,-1,Uncategorized / one-off
1563,221,food_quality,open,2026-08-04 05:58:46.845782,-1,Uncategorized / one-off
1564,228,service,resolved,2026-08-04 05:58:46.845782,-1,Uncategorized / one-off
1565,232,service,open,2026-08-04 05:58:46.845782,-1,Uncategorized / one-off
1566,265,quantity,resolved,2026-08-04 05:58:46.845782,-1,Uncategorized / one-off
1567,328,service,resolved,2026-08-04 05:58:46.845782,-1,Uncategorized / one-off
1568,342,service,resolved,2026-08-04 05:58:46.845782,-1,Uncategorized / one-off
1569,371,quantity,resolved,2026-08-04 05:58:46.845782,-1,Uncategorized / one-off
1570,230,hygiene,resolved,2026-08-04 05:58:46.845782,-1,Uncategorized / one-off
1571,220,service,open,2026-08-04 05:58:46.845782,-1,Uncategorized / one-off
1572,254,hygiene,resolved,2026-08-04 05:58:46.845782,-1,Uncategorized / one-off
1573,298,food_quality,resolved,2026-08-04 05:58:46.845782,-1,Uncategorized / one-off
1574,300,food_quality,open,2026-08-04 05:58:46.845782,-1,Uncategorized / one-off
1575,332,food_quality,open,2026-08-04 05:58:46.845782,-1,Uncategorized / one-off
1576,363,service,resolved,2026-08-04 05:58:46.845782,-1,Uncategorized / one-off
1577,390,hygiene,resolved,2026-08-04 05:58:46.845782,-1,Uncategorized / one-off
1578,206,service,open,2026-08-04 05:58:46.845782,-1,Uncategorized / one-off
1579,215,food_quality,resolved,2026-08-04 05:58:46.845782,-1,Uncategorized / one-off
1580,219,service,open,2026-08-04 05:58:46.845782,-1,Uncategorized / one-off
1581,308,quantity,resolved,2026-08-04 05:58:46.845782,-1,Uncategorized / one-off
1582,332,food_quality,open,2026-08-04 05:58:46.845782,-1,Uncategorized / one-off
1583,349,food_quality,open,2026-08-04 05:58:46.845782,-1,Uncategorized / one-off
1584,359,quantity,resolved,2026-08-04 05:58:46.845782,-1,Uncategorized / one-off
1585,363,food_quality,resolved,2026-08-04 05:58:46.845782,-1,Uncategorized / one-off
1586,372,food_quality,resolved,2026-08-04 05:58:46.845782,-1,Uncategorized / one-off
1587,217,food_quality,resolved,2026-08-04 05:58:46.845782,-1,Uncategorized / one-off
1588,313,food_quality,open,2026-08-04 05:58:46.845782,-1,Uncategorized / one-off
1589,316,quantity,open,2026-08-04 05:58:46.845782,-1,Uncategorized / one-off
1590,337,food_quality,open,2026-08-04 05:58:46.845782,-1,Uncategorized / one-off
1591,344,quantity,resolved,2026-08-04 05:58:46.845782,-1,Uncategorized / one-off
1592,377,quantity,resolved,2026-08-04 05:58:46.845782,-1,Uncategorized / one-off
1593,379,quantity,resolved,2026-08-04 05:58:46.845782,-1,Uncategorized / one-off
1594,385,hygiene,resolved,2026-08-04 05:58:46.845782,-1,Uncategorized / one-off
1595,292,food_quality,resolved,2026-08-04 05:58:46.845782,-1,Uncategorized / one-off
1596,231,food_quality,resolved,2026-08-04 05:58:46.845782,-1,Uncategorized / one-off
1597,254,hygiene,resolved,2026-08-04 05:58:46.845782,-1,Uncategorized / one-off
1598,262,food_quality,open,2026-08-04 05:58:46.845782,-1,Uncategorized / one-off
1599,303,hygiene,open,2026-08-04 05:58:46.845782,-1,Uncategorized / one-off
1600,340,quantity,resolved,2026-08-04 05:58:46.845782,-1,Uncategorized / one-off
1601,348,service,resolved,2026-08-04 05:58:46.845782,-1,Uncategorized / one-off
1602,376,hygiene,resolved,2026-08-04 05:58:46.845782,-1,Uncategorized / one-off
1603,382,hygiene,resolved,2026-08-04 05:58:46.845782,-1,Uncategorized / one-off
1604,337,hygiene,resolved,2026-08-04 05:58:46.845782,-1,Uncategorized / one-off
1605,216,quantity,open,2026-08-04 05:58:46.845782,-1,Uncategorized / one-off
1606,248,service,open,2026-08-04 05:58:46.845782,-1,Uncategorized / one-off
1607,291,quantity,resolved,2026-08-04 05:58:46.845782,-1,Uncategorized / one-off
1608,339,hygiene,open,2026-08-04 05:58:46.845782,-1,Uncategorized / one-off
1609,401,service,resolved,2026-08-04 05:58:46.845782,-1,Uncategorized / one-off
1610,214,food_quality,resolved,2026-08-04 05:58:46.845782,-1,Uncategorized / one-off
1611,215,service,resolved,2026-08-04 05:58:46.845782,-1,Uncategorized / one-off
1612,236,hygiene,resolved,2026-08-04 05:58:46.845782,-1,Uncategorized / one-off
1613,238,hygiene,resolved,2026-08-04 05:58:46.845782,-1,Uncategorized / one-off
1614,268,hygiene,resolved,2026-08-04 05:58:46.845782,-1,Uncategorized / one-off
1615,313,food_quality,resolved,2026-08-04 05:58:46.845782,-1,Uncategorized / one-off
1616,322,service,open,2026-08-04 05:58:46.845782,-1,Uncategorized / one-off
1617,331,quantity,resolved,2026-08-04 05:58:46.845782,-1,Uncategorized / one-off
1618,340,service,resolved,2026-08-04 05:58:46.845782,-1,Uncategorized / one-off
1619,358,service,resolved,2026-08-04 05:58:46.845782,-1,Uncategorized / one-off
1620,359,hygiene,open,2026-08-04 05:58:46.845782,-1,Uncategorized / one-off
1621,378,hygiene,resolved,2026-08-04 05:58:46.845782,-1,Uncategorized / one-off
1622,392,service,resolved,2026-08-04 05:58:46.845782,-1,Uncategorized / one-off
1623,400,service,open,2026-08-04 05:58:46.845782,-1,Uncategorized / one-off
1624,223,service,open,2026-08-04 05:58:46.845782,-1,Uncategorized / one-off
1625,243,service,resolved,2026-08-04 05:58:46.845782,-1,Uncategorized / one-off
1626,292,food_quality,resolved,2026-08-04 05:58:46.845782,-1,Uncategorized / one-off
1627,303,quantity,open,2026-08-04 05:58:46.845782,-1,Uncategorized / one-off
1628,320,quantity,resolved,2026-08-04 05:58:46.845782,-1,Uncategorized / one-off
1629,338,hygiene,resolved,2026-08-04 05:58:46.845782,-1,Uncategorized / one-off
1630,342,quantity,resolved,2026-08-04 05:58:46.845782,-1,Uncategorized / one-off
1631,206,quantity,open,2026-08-04 05:58:46.845782,-1,Uncategorized / one-off
1632,208,hygiene,resolved,2026-08-04 05:58:46.845782,-1,Uncategorized / one-off
1633,219,food_quality,open,2026-08-04 05:58:46.845782,-1,Uncategorized / one-off
1634,255,hygiene,resolved,2026-08-04 05:58:46.845782,-1,Uncategorized / one-off
1635,261,food_quality,resolved,2026-08-04 05:58:46.845782,-1,Uncategorized / one-off
1636,267,quantity,resolved,2026-08-04 05:58:46.845782,-1,Uncategorized / one-off
1637,287,hygiene,open,2026-08-04 05:58:46.845782,-1,Uncategorized / one-off
1638,299,service,resolved,2026-08-04 05:58:46.845782,-1,Uncategorized / one-off
1639,303,hygiene,open,2026-08-04 05:58:46.845782,-1,Uncategorized / one-off
1640,312,service,open,2026-08-04 05:58:46.845782,-1,Uncategorized / one-off
1641,277,hygiene,open,2026-08-04 05:58:46.845782,-1,Uncategorized / one-off
1642,302,hygiene,resolved,2026-08-04 05:58:46.845782,-1,Uncategorized / one-off
1643,324,quantity,open,2026-08-04 05:58:46.845782,-1,Uncategorized / one-off
1644,239,service,open,2026-08-04 05:58:46.845782,-1,Uncategorized / one-off
1645,325,service,resolved,2026-08-04 05:58:46.845782,-1,Uncategorized / one-off
1646,402,quantity,open,2026-08-04 05:58:46.845782,-1,Uncategorized / one-off
1647,234,hygiene,resolved,2026-08-04 05:58:46.845782,-1,Uncategorized / one-off
1648,322,hygiene,resolved,2026-08-04 05:58:46.845782,-1,Uncategorized / one-off
1649,216,hygiene,resolved,2026-08-04 05:58:46.845782,-1,Uncategorized / one-off
1650,242,service,resolved,2026-08-04 05:58:46.845782,-1,Uncategorized / one-off
1651,244,food_quality,resolved,2026-08-04 05:58:46.845782,-1,Uncategorized / one-off
1652,272,service,resolved,2026-08-04 05:58:46.845782,-1,Uncategorized / one-off
1653,375,quantity,resolved,2026-08-04 05:58:46.845782,-1,Uncategorized / one-off
1654,385,hygiene,open,2026-08-04 05:58:46.845782,-1,Uncategorized / one-off
1655,227,food_quality,open,2026-08-04 05:58:46.845782,-1,Uncategorized / one-off
1656,266,hygiene,resolved,2026-08-04 05:58:46.845782,-1,Uncategorized / one-off
1657,231,quantity,resolved,2026-08-04 05:58:46.845782,-1,Uncategorized / one-off
1658,271,food_quality,resolved,2026-08-04 05:58:46.845782,-1,Uncategorized / one-off
1659,293,hygiene,open,2026-08-04 05:58:46.845782,-1,Uncategorized / one-off
1660,327,food_quality,resolved,2026-08-04 05:58:46.845782,-1,Uncategorized / one-off
1661,379,service,resolved,2026-08-04 05:58:46.845782,-1,Uncategorized / one-off
1662,241,service,open,2026-08-04 05:58:46.845782,-1,Uncategorized / one-off
1663,339,service,resolved,2026-08-04 05:58:46.845782,-1,Uncategorized / one-off
1664,259,hygiene,open,2026-08-04 05:58:46.845782,-1,Uncategorized / one-off
1665,273,quantity,resolved,2026-08-04 05:58:46.845782,-1,Uncategorized / one-off
1666,303,quantity,resolved,2026-08-04 05:58:46.845782,-1,Uncategorized / one-off
1667,310,service,resolved,2026-08-04 05:58:46.845782,-1,Uncategorized / one-off
1668,311,food_quality,resolved,2026-08-04 05:58:46.845782,-1,Uncategorized / one-off
1669,373,food_quality,resolved,2026-08-04 05:58:46.845782,-1,Uncategorized / one-off
1670,383,hygiene,resolved,2026-08-04 05:58:46.845782,-1,Uncategorized / one-off
1671,385,hygiene,resolved,2026-08-04 05:58:46.845782,-1,Uncategorized / one-off
1672,404,quantity,resolved,2026-08-04 05:58:46.845782,-1,Uncategorized / one-off
1673,402,service,resolved,2026-08-04 05:58:46.845782,-1,Uncategorized / one-off
1674,270,food_quality,resolved,2026-08-04 05:58:46.845782,-1,Uncategorized / one-off
1675,292,hygiene,resolved,2026-08-04 05:58:46.845782,-1,Uncategorized / one-off
1676,329,service,resolved,2026-08-04 05:58:46.845782,-1,Uncategorized / one-off
1677,359,service,resolved,2026-08-04 05:58:46.845782,-1,Uncategorized / one-off
1678,362,service,resolved,2026-08-04 05:58:46.845782,-1,Uncategorized / one-off
1679,364,hygiene,resolved,2026-08-04 05:58:46.845782,-1,Uncategorized / one-off
1680,275,hygiene,resolved,2026-08-04 05:58:46.845782,-1,Uncategorized / one-off
1681,290,food_quality,resolved,2026-08-04 05:58:46.845782,-1,Uncategorized / one-off
1682,296,service,resolved,2026-08-04 05:58:46.845782,-1,Uncategorized / one-off
1683,339,quantity,resolved,2026-08-04 05:58:46.845782,-1,Uncategorized / one-off
1684,346,hygiene,resolved,2026-08-04 05:58:46.845782,-1,Uncategorized / one-off
1685,360,service,resolved,2026-08-04 05:58:46.845782,-1,Uncategorized / one-off
1686,205,hygiene,resolved,2026-08-04 05:58:46.845782,-1,Uncategorized / one-off
1687,219,service,resolved,2026-08-04 05:58:46.845782,-1,Uncategorized / one-off
1688,257,service,resolved,2026-08-04 05:58:46.845782,-1,Uncategorized / one-off
1689,293,quantity,open,2026-08-04 05:58:46.845782,-1,Uncategorized / one-off
1690,344,food_quality,resolved,2026-08-04 05:58:46.845782,-1,Uncategorized / one-off
1691,363,food_quality,open,2026-08-04 05:58:46.845782,-1,Uncategorized / one-off
1692,254,service,resolved,2026-08-04 05:58:46.845782,-1,Uncategorized / one-off
1693,265,hygiene,resolved,2026-08-04 05:58:46.845782,-1,Uncategorized / one-off
1694,313,service,resolved,2026-08-04 05:58:46.845782,-1,Uncategorized / one-off
1695,206,quantity,resolved,2026-08-04 05:58:46.845782,-1,Uncategorized / one-off
1696,241,hygiene,resolved,2026-08-04 05:58:46.845782,-1,Uncategorized / one-off
1697,219,hygiene,resolved,2026-08-04 05:58:46.845782,-1,Uncategorized / one-off
1698,277,service,open,2026-08-04 05:58:46.845782,-1,Uncategorized / one-off
1699,307,service,resolved,2026-08-04 05:58:46.845782,-1,Uncategorized / one-off
1700,380,service,open,2026-08-04 05:58:46.845782,-1,Uncategorized / one-off
1701,207,food_quality,resolved,2026-08-04 05:58:46.845782,-1,Uncategorized / one-off
1702,214,food_quality,resolved,2026-08-04 05:58:46.845782,-1,Uncategorized / one-off
1703,335,service,resolved,2026-08-04 05:58:46.845782,-1,Uncategorized / one-off
1704,350,food_quality,open,2026-08-04 05:58:46.845782,-1,Uncategorized / one-off
1705,355,quantity,resolved,2026-08-04 05:58:46.845782,-1,Uncategorized / one-off
1706,257,service,resolved,2026-08-04 05:58:46.845782,-1,Uncategorized / one-off
1707,260,service,resolved,2026-08-04 05:58:46.845782,-1,Uncategorized / one-off
1708,277,hygiene,open,2026-08-04 05:58:46.845782,-1,Uncategorized / one-off
1709,290,service,resolved,2026-08-04 05:58:46.845782,-1,Uncategorized / one-off
1710,296,food_quality,resolved,2026-08-04 05:58:46.845782,-1,Uncategorized / one-off
1711,227,food_quality,resolved,2026-08-04 05:58:46.845782,-1,Uncategorized / one-off
1712,250,food_quality,resolved,2026-08-04 05:58:46.845782,-1,Uncategorized / one-off
1713,312,quantity,resolved,2026-08-04 05:58:46.845782,-1,Uncategorized / one-off
1714,244,service,resolved,2026-08-04 05:58:46.845782,-1,Uncategorized / one-off
1715,268,quantity,resolved,2026-08-04 05:58:46.845782,-1,Uncategorized / one-off
1716,287,food_quality,resolved,2026-08-04 05:58:46.845782,-1,Uncategorized / one-off
1717,346,food_quality,resolved,2026-08-04 05:58:46.845782,-1,Uncategorized / one-off
1718,378,quantity,resolved,2026-08-04 05:58:46.845782,-1,Uncategorized / one-off
1719,220,quantity,open,2026-08-04 05:58:46.845782,-1,Uncategorized / one-off
1720,237,hygiene,open,2026-08-04 05:58:46.845782,-1,Uncategorized / one-off
1721,243,hygiene,resolved,2026-08-04 05:58:46.845782,-1,Uncategorized / one-off
1722,265,food_quality,resolved,2026-08-04 05:58:46.845782,-1,Uncategorized / one-off
1723,272,quantity,resolved,2026-08-04 05:58:46.845782,-1,Uncategorized / one-off
1724,289,service,resolved,2026-08-04 05:58:46.845782,-1,Uncategorized / one-off
1725,290,hygiene,resolved,2026-08-04 05:58:46.845782,-1,Uncategorized / one-off
1726,303,service,resolved,2026-08-04 05:58:46.845782,-1,Uncategorized / one-off
1727,313,quantity,resolved,2026-08-04 05:58:46.845782,-1,Uncategorized / one-off
1728,325,service,resolved,2026-08-04 05:58:46.845782,-1,Uncategorized / one-off
1729,326,food_quality,resolved,2026-08-04 05:58:46.845782,-1,Uncategorized / one-off
1730,335,quantity,resolved,2026-08-04 05:58:46.845782,-1,Uncategorized / one-off
1731,343,hygiene,resolved,2026-08-04 05:58:46.845782,-1,Uncategorized / one-off
1732,346,quantity,open,2026-08-04 05:58:46.845782,-1,Uncategorized / one-off
1733,371,quantity,resolved,2026-08-04 05:58:46.845782,-1,Uncategorized / one-off
1734,383,hygiene,resolved,2026-08-04 05:58:46.845782,-1,Uncategorized / one-off
1735,329,food_quality,resolved,2026-08-04 05:58:46.845782,-1,Uncategorized / one-off
1736,376,service,resolved,2026-08-04 05:58:46.845782,-1,Uncategorized / one-off
1737,238,food_quality,resolved,2026-08-04 05:58:46.845782,-1,Uncategorized / one-off
1738,387,food_quality,resolved,2026-08-04 05:58:46.845782,-1,Uncategorized / one-off
1739,258,hygiene,open,2026-08-04 05:58:46.845782,-1,Uncategorized / one-off
1740,262,hygiene,resolved,2026-08-04 05:58:46.845782,-1,Uncategorized / one-off
1741,268,food_quality,resolved,2026-08-04 05:58:46.845782,-1,Uncategorized / one-off
1742,271,quantity,resolved,2026-08-04 05:58:46.845782,-1,Uncategorized / one-off
1743,313,quantity,resolved,2026-08-04 05:58:46.845782,-1,Uncategorized / one-off
1744,352,food_quality,resolved,2026-08-04 05:58:46.845782,-1,Uncategorized / one-off
1745,382,service,open,2026-08-04 05:58:46.845782,-1,Uncategorized / one-off
1746,275,service,open,2026-08-04 05:58:46.845782,-1,Uncategorized / one-off
1747,320,quantity,resolved,2026-08-04 05:58:46.845782,-1,Uncategorized / one-off
1748,205,quantity,resolved,2026-08-04 05:58:46.845782,-1,Uncategorized / one-off
1749,265,hygiene,resolved,2026-08-04 05:58:46.845782,-1,Uncategorized / one-off
1750,276,service,resolved,2026-08-04 05:58:46.845782,-1,Uncategorized / one-off
1751,303,food_quality,resolved,2026-08-04 05:58:46.845782,-1,Uncategorized / one-off
1752,378,service,resolved,2026-08-04 05:58:46.845782,-1,Uncategorized / one-off
1753,288,quantity,resolved,2026-08-04 05:58:46.845782,-1,Uncategorized / one-off
1754,217,service,resolved,2026-08-04 05:58:46.845782,-1,Uncategorized / one-off
1755,221,hygiene,resolved,2026-08-04 05:58:46.845782,-1,Uncategorized / one-off
1756,373,quantity,resolved,2026-08-04 05:58:46.845782,-1,Uncategorized / one-off
1757,212,quantity,resolved,2026-08-04 05:58:46.845782,-1,Uncategorized / one-off
1758,228,food_quality,open,2026-08-04 05:58:46.845782,-1,Uncategorized / one-off
1759,257,service,open,2026-08-04 05:58:46.845782,-1,Uncategorized / one-off
1760,303,quantity,open,2026-08-04 05:58:46.845782,-1,Uncategorized / one-off
1761,350,service,resolved,2026-08-04 05:58:46.845782,-1,Uncategorized / one-off
1762,362,service,open,2026-08-04 05:58:46.845782,-1,Uncategorized / one-off
1763,370,food_quality,open,2026-08-04 05:58:46.845782,-1,Uncategorized / one-off
1764,374,service,resolved,2026-08-04 05:58:46.845782,-1,Uncategorized / one-off
1765,394,service,open,2026-08-04 05:58:46.845782,-1,Uncategorized / one-off
1766,228,quantity,resolved,2026-08-04 05:58:46.845782,-1,Uncategorized / one-off
1767,231,hygiene,resolved,2026-08-04 05:58:46.845782,-1,Uncategorized / one-off
1768,263,hygiene,resolved,2026-08-04 05:58:46.845782,-1,Uncategorized / one-off
1769,274,service,resolved,2026-08-04 05:58:46.845782,-1,Uncategorized / one-off
1770,276,hygiene,open,2026-08-04 05:58:46.845782,-1,Uncategorized / one-off
1771,304,service,resolved,2026-08-04 05:58:46.845782,-1,Uncategorized / one-off
1772,379,service,open,2026-08-04 05:58:46.845782,-1,Uncategorized / one-off
1773,394,food_quality,resolved,2026-08-04 05:58:46.845782,-1,Uncategorized / one-off
1774,207,quantity,resolved,2026-08-04 05:58:46.845782,-1,Uncategorized / one-off
1775,254,hygiene,resolved,2026-08-04 05:58:46.845782,-1,Uncategorized / one-off
1776,307,food_quality,resolved,2026-08-04 05:58:46.845782,-1,Uncategorized / one-off
1777,311,quantity,resolved,2026-08-04 05:58:46.845782,-1,Uncategorized / one-off
1778,320,quantity,resolved,2026-08-04 05:58:46.845782,-1,Uncategorized / one-off
1779,325,service,resolved,2026-08-04 05:58:46.845782,-1,Uncategorized / one-off
1780,342,service,resolved,2026-08-04 05:58:46.845782,-1,Uncategorized / one-off
1781,394,service,open,2026-08-04 05:58:46.845782,-1,Uncategorized / one-off
1782,397,hygiene,resolved,2026-08-04 05:58:46.845782,-1,Uncategorized / one-off
1783,220,service,resolved,2026-08-04 05:58:46.845782,-1,Uncategorized / one-off
1784,251,food_quality,open,2026-08-04 05:58:46.845782,-1,Uncategorized / one-off
1785,323,food_quality,resolved,2026-08-04 05:58:46.845782,-1,Uncategorized / one-off
1786,335,hygiene,open,2026-08-04 05:58:46.845782,-1,Uncategorized / one-off
1787,400,hygiene,resolved,2026-08-04 05:58:46.845782,-1,Uncategorized / one-off
1788,259,food_quality,open,2026-08-04 05:58:46.845782,-1,Uncategorized / one-off
1789,304,hygiene,resolved,2026-08-04 05:58:46.845782,-1,Uncategorized / one-off
1790,348,food_quality,resolved,2026-08-04 05:58:46.845782,-1,Uncategorized / one-off
1791,350,quantity,resolved,2026-08-04 05:58:46.845782,-1,Uncategorized / one-off
1792,368,service,resolved,2026-08-04 05:58:46.845782,-1,Uncategorized / one-off
1793,371,service,open,2026-08-04 05:58:46.845782,-1,Uncategorized / one-off
1794,387,hygiene,open,2026-08-04 05:58:46.845782,-1,Uncategorized / one-off
1795,331,service,open,2026-08-04 05:58:46.845782,-1,Uncategorized / one-off
1796,208,food_quality,open,2026-08-04 05:58:46.845782,-1,Uncategorized / one-off
1797,215,food_quality,resolved,2026-08-04 05:58:46.845782,-1,Uncategorized / one-off
1798,254,service,resolved,2026-08-04 05:58:46.845782,-1,Uncategorized / one-off
1799,290,hygiene,resolved,2026-08-04 05:58:46.845782,-1,Uncategorized / one-off
1800,300,service,open,2026-08-04 05:58:46.845782,-1,Uncategorized / one-off
1801,383,service,resolved,2026-08-04 05:58:46.845782,-1,Uncategorized / one-off
1802,390,food_quality,resolved,2026-08-04 05:58:46.845782,-1,Uncategorized / one-off
1803,211,hygiene,resolved,2026-08-04 05:58:46.845782,-1,Uncategorized / one-off
1804,218,quantity,resolved,2026-08-04 05:58:46.845782,-1,Uncategorized / one-off
1805,236,quantity,resolved,2026-08-04 05:58:46.845782,-1,Uncategorized / one-off
1806,253,service,resolved,2026-08-04 05:58:46.845782,-1,Uncategorized / one-off
1807,333,quantity,resolved,2026-08-04 05:58:46.845782,-1,Uncategorized / one-off
1808,375,hygiene,resolved,2026-08-04 05:58:46.845782,-1,Uncategorized / one-off
1809,220,food_quality,open,2026-08-04 05:58:46.845782,-1,Uncategorized / one-off
1810,250,hygiene,open,2026-08-04 05:58:46.845782,-1,Uncategorized / one-off
1811,265,hygiene,resolved,2026-08-04 05:58:46.845782,-1,Uncategorized / one-off
1812,248,hygiene,resolved,2026-08-04 05:58:46.845782,-1,Uncategorized / one-off
1813,319,food_quality,resolved,2026-08-04 05:58:46.845782,-1,Uncategorized / one-off
1814,327,hygiene,open,2026-08-04 05:58:46.845782,-1,Uncategorized / one-off
1815,360,hygiene,resolved,2026-08-04 05:58:46.845782,-1,Uncategorized / one-off
1816,274,quantity,resolved,2026-08-04 05:58:46.845782,-1,Uncategorized / one-off
1817,313,service,resolved,2026-08-04 05:58:46.845782,-1,Uncategorized / one-off
1818,365,quantity,resolved,2026-08-04 05:58:46.845782,-1,Uncategorized / one-off
1819,402,hygiene,resolved,2026-08-04 05:58:46.845782,-1,Uncategorized / one-off
1820,388,hygiene,resolved,2026-08-04 05:58:46.845782,-1,Uncategorized / one-off
1821,214,service,open,2026-08-04 05:58:46.845782,-1,Uncategorized / one-off
1822,223,hygiene,resolved,2026-08-04 05:58:46.845782,-1,Uncategorized / one-off
1823,263,food_quality,resolved,2026-08-04 05:58:46.845782,-1,Uncategorized / one-off
1824,265,food_quality,resolved,2026-08-04 05:58:46.845782,-1,Uncategorized / one-off
1825,272,quantity,resolved,2026-08-04 05:58:46.845782,-1,Uncategorized / one-off
1826,348,service,resolved,2026-08-04 05:58:46.845782,-1,Uncategorized / one-off
1827,337,food_quality,resolved,2026-08-04 05:58:46.845782,-1,Uncategorized / one-off
1828,208,service,resolved,2026-08-04 05:58:46.845782,-1,Uncategorized / one-off
1829,317,food_quality,resolved,2026-08-04 05:58:46.845782,-1,Uncategorized / one-off
1830,360,hygiene,resolved,2026-08-04 05:58:46.845782,-1,Uncategorized / one-off
1831,362,food_quality,resolved,2026-08-04 05:58:46.845782,-1,Uncategorized / one-off
1832,365,service,resolved,2026-08-04 05:58:46.845782,-1,Uncategorized / one-off
1833,367,food_quality,resolved,2026-08-04 05:58:46.845782,-1,Uncategorized / one-off
1834,384,service,open,2026-08-04 05:58:46.845782,-1,Uncategorized / one-off
1835,211,hygiene,resolved,2026-08-04 05:58:46.845782,-1,Uncategorized / one-off
1836,366,hygiene,resolved,2026-08-04 05:58:46.845782,-1,Uncategorized / one-off
1837,208,food_quality,resolved,2026-08-04 05:58:46.845782,-1,Uncategorized / one-off
1838,245,hygiene,resolved,2026-08-04 05:58:46.845782,-1,Uncategorized / one-off
1839,268,service,resolved,2026-08-04 05:58:46.845782,-1,Uncategorized / one-off
1840,346,service,resolved,2026-08-04 05:58:46.845782,-1,Uncategorized / one-off
1841,376,service,open,2026-08-04 05:58:46.845782,-1,Uncategorized / one-off
1842,379,food_quality,open,2026-08-04 05:58:46.845782,-1,Uncategorized / one-off
1843,384,hygiene,resolved,2026-08-04 05:58:46.845782,-1,Uncategorized / one-off
1844,393,hygiene,resolved,2026-08-04 05:58:46.845782,-1,Uncategorized / one-off
1845,221,quantity,resolved,2026-08-04 05:58:46.845782,-1,Uncategorized / one-off
1846,258,quantity,resolved,2026-08-04 05:58:46.845782,-1,Uncategorized / one-off
1847,260,food_quality,resolved,2026-08-04 05:58:46.845782,-1,Uncategorized / one-off
1848,265,quantity,resolved,2026-08-04 05:58:46.845782,-1,Uncategorized / one-off
1849,271,service,open,2026-08-04 05:58:46.845782,-1,Uncategorized / one-off
1850,290,food_quality,open,2026-08-04 05:58:46.845782,-1,Uncategorized / one-off
1851,293,service,open,2026-08-04 05:58:46.845782,-1,Uncategorized / one-off
1852,300,service,open,2026-08-04 05:58:46.845782,-1,Uncategorized / one-off
1853,326,quantity,resolved,2026-08-04 05:58:46.845782,-1,Uncategorized / one-off
1854,332,quantity,open,2026-08-04 05:58:46.845782,-1,Uncategorized / one-off
1855,340,food_quality,resolved,2026-08-04 05:58:46.845782,-1,Uncategorized / one-off
1856,363,hygiene,open,2026-08-04 05:58:46.845782,-1,Uncategorized / one-off
1857,371,service,resolved,2026-08-04 05:58:46.845782,-1,Uncategorized / one-off
1858,220,hygiene,resolved,2026-08-04 05:58:46.845782,-1,Uncategorized / one-off
1859,221,service,open,2026-08-04 05:58:46.845782,-1,Uncategorized / one-off
1860,256,food_quality,resolved,2026-08-04 05:58:46.845782,-1,Uncategorized / one-off
1861,272,food_quality,open,2026-08-04 05:58:46.845782,-1,Uncategorized / one-off
1862,357,service,resolved,2026-08-04 05:58:46.845782,-1,Uncategorized / one-off
1863,359,food_quality,resolved,2026-08-04 05:58:46.845782,-1,Uncategorized / one-off
1864,402,hygiene,resolved,2026-08-04 05:58:46.845782,-1,Uncategorized / one-off
1865,232,hygiene,resolved,2026-08-04 05:58:46.845782,-1,Uncategorized / one-off
1866,256,hygiene,resolved,2026-08-04 05:58:46.845782,-1,Uncategorized / one-off
1867,262,quantity,resolved,2026-08-04 05:58:46.845782,-1,Uncategorized / one-off
1868,275,service,resolved,2026-08-04 05:58:46.845782,-1,Uncategorized / one-off
1869,359,quantity,open,2026-08-04 05:58:46.845782,-1,Uncategorized / one-off
1870,400,food_quality,resolved,2026-08-04 05:58:46.845782,-1,Uncategorized / one-off
1871,289,quantity,resolved,2026-08-04 05:58:46.845782,-1,Uncategorized / one-off
1872,304,food_quality,resolved,2026-08-04 05:58:46.845782,-1,Uncategorized / one-off
1873,318,service,resolved,2026-08-04 05:58:46.845782,-1,Uncategorized / one-off
1874,384,service,resolved,2026-08-04 05:58:46.845782,-1,Uncategorized / one-off
1875,239,food_quality,resolved,2026-08-04 05:58:46.845782,-1,Uncategorized / one-off
1876,341,hygiene,resolved,2026-08-04 05:58:46.845782,-1,Uncategorized / one-off
1877,363,service,open,2026-08-04 05:58:46.845782,-1,Uncategorized / one-off
1878,211,food_quality,resolved,2026-08-04 05:58:46.845782,-1,Uncategorized / one-off
1879,219,hygiene,resolved,2026-08-04 05:58:46.845782,-1,Uncategorized / one-off
1880,273,service,resolved,2026-08-04 05:58:46.845782,-1,Uncategorized / one-off
1881,282,food_quality,resolved,2026-08-04 05:58:46.845782,-1,Uncategorized / one-off
1882,287,quantity,resolved,2026-08-04 05:58:46.845782,-1,Uncategorized / one-off
1883,289,hygiene,resolved,2026-08-04 05:58:46.845782,-1,Uncategorized / one-off
1884,296,service,resolved,2026-08-04 05:58:46.845782,-1,Uncategorized / one-off
1885,307,hygiene,resolved,2026-08-04 05:58:46.845782,-1,Uncategorized / one-off
1886,312,food_quality,resolved,2026-08-04 05:58:46.845782,-1,Uncategorized / one-off
1887,362,quantity,resolved,2026-08-04 05:58:46.845782,-1,Uncategorized / one-off
1888,378,hygiene,resolved,2026-08-04 05:58:46.845782,-1,Uncategorized / one-off
1889,400,hygiene,open,2026-08-04 05:58:46.845782,-1,Uncategorized / one-off
1890,206,hygiene,resolved,2026-08-04 05:58:46.845782,-1,Uncategorized / one-off
1891,235,food_quality,resolved,2026-08-04 05:58:46.845782,-1,Uncategorized / one-off
1892,240,hygiene,resolved,2026-08-04 05:58:46.845782,-1,Uncategorized / one-off
1893,283,quantity,resolved,2026-08-04 05:58:46.845782,-1,Uncategorized / one-off
1894,293,food_quality,resolved,2026-08-04 05:58:46.845782,-1,Uncategorized / one-off
1895,299,service,resolved,2026-08-04 05:58:46.845782,-1,Uncategorized / one-off
1896,340,quantity,open,2026-08-04 05:58:46.845782,-1,Uncategorized / one-off
1897,343,food_quality,resolved,2026-08-04 05:58:46.845782,-1,Uncategorized / one-off
1898,359,hygiene,resolved,2026-08-04 05:58:46.845782,-1,Uncategorized / one-off
1899,379,hygiene,resolved,2026-08-04 05:58:46.845782,-1,Uncategorized / one-off
1900,383,hygiene,resolved,2026-08-04 05:58:46.845782,-1,Uncategorized / one-off
1901,303,food_quality,resolved,2026-08-04 05:58:46.845782,-1,Uncategorized / one-off
1902,243,food_quality,resolved,2026-08-04 05:58:46.845782,-1,Uncategorized / one-off
1903,252,quantity,open,2026-08-04 05:58:46.845782,-1,Uncategorized / one-off
1904,258,quantity,resolved,2026-08-04 05:58:46.845782,-1,Uncategorized / one-off
1905,274,food_quality,resolved,2026-08-04 05:58:46.845782,-1,Uncategorized / one-off
1906,402,service,resolved,2026-08-04 05:58:46.845782,-1,Uncategorized / one-off
1907,243,food_quality,resolved,2026-08-04 05:58:46.845782,-1,Uncategorized / one-off
1908,303,food_quality,resolved,2026-08-04 05:58:46.845782,-1,Uncategorized / one-off
1909,307,food_quality,open,2026-08-04 05:58:46.845782,-1,Uncategorized / one-off
1910,327,hygiene,open,2026-08-04 05:58:46.845782,-1,Uncategorized / one-off
1911,358,food_quality,resolved,2026-08-04 05:58:46.845782,-1,Uncategorized / one-off
1912,387,food_quality,resolved,2026-08-04 05:58:46.845782,-1,Uncategorized / one-off
1913,404,hygiene,resolved,2026-08-04 05:58:46.845782,-1,Uncategorized / one-off
1914,254,service,resolved,2026-08-04 05:58:46.845782,-1,Uncategorized / one-off
1915,256,quantity,resolved,2026-08-04 05:58:46.845782,-1,Uncategorized / one-off
1916,312,quantity,open,2026-08-04 05:58:46.845782,-1,Uncategorized / one-off
1917,237,service,open,2026-08-04 05:58:46.845782,-1,Uncategorized / one-off
1918,287,food_quality,open,2026-08-04 05:58:46.845782,-1,Uncategorized / one-off
1919,388,hygiene,open,2026-08-04 05:58:46.845782,-1,Uncategorized / one-off
1920,215,food_quality,resolved,2026-08-04 05:58:46.845782,-1,Uncategorized / one-off
1921,237,hygiene,resolved,2026-08-04 05:58:46.845782,-1,Uncategorized / one-off
1922,238,hygiene,open,2026-08-04 05:58:46.845782,-1,Uncategorized / one-off
1923,271,food_quality,resolved,2026-08-04 05:58:46.845782,-1,Uncategorized / one-off
1924,277,quantity,resolved,2026-08-04 05:58:46.845782,-1,Uncategorized / one-off
1925,299,quantity,resolved,2026-08-04 05:58:46.845782,-1,Uncategorized / one-off
1926,314,hygiene,open,2026-08-04 05:58:46.845782,-1,Uncategorized / one-off
1927,356,food_quality,resolved,2026-08-04 05:58:46.845782,-1,Uncategorized / one-off
1928,382,food_quality,resolved,2026-08-04 05:58:46.845782,-1,Uncategorized / one-off
1929,249,quantity,open,2026-08-04 05:58:46.845782,-1,Uncategorized / one-off
1930,364,food_quality,resolved,2026-08-04 05:58:46.845782,-1,Uncategorized / one-off
1931,205,food_quality,open,2026-08-04 05:58:46.845782,-1,Uncategorized / one-off
1932,220,service,resolved,2026-08-04 05:58:46.845782,-1,Uncategorized / one-off
1933,236,hygiene,open,2026-08-04 05:58:46.845782,-1,Uncategorized / one-off
1934,242,quantity,resolved,2026-08-04 05:58:46.845782,-1,Uncategorized / one-off
1935,311,hygiene,resolved,2026-08-04 05:58:46.845782,-1,Uncategorized / one-off
1936,344,quantity,resolved,2026-08-04 05:58:46.845782,-1,Uncategorized / one-off
1937,370,service,resolved,2026-08-04 05:58:46.845782,-1,Uncategorized / one-off
1938,212,hygiene,resolved,2026-08-04 05:58:46.845782,-1,Uncategorized / one-off
1939,268,quantity,resolved,2026-08-04 05:58:46.845782,-1,Uncategorized / one-off
1940,206,hygiene,resolved,2026-08-04 05:58:46.845782,-1,Uncategorized / one-off
1941,219,service,open,2026-08-04 05:58:46.845782,-1,Uncategorized / one-off
1942,254,quantity,resolved,2026-08-04 05:58:46.845782,-1,Uncategorized / one-off
1943,294,quantity,resolved,2026-08-04 05:58:46.845782,-1,Uncategorized / one-off
1944,298,food_quality,resolved,2026-08-04 05:58:46.845782,-1,Uncategorized / one-off
1945,398,food_quality,open,2026-08-04 05:58:46.845782,-1,Uncategorized / one-off
1946,256,quantity,resolved,2026-08-04 05:58:46.845782,-1,Uncategorized / one-off
1947,267,service,open,2026-08-04 05:58:46.845782,-1,Uncategorized / one-off
1948,319,service,resolved,2026-08-04 05:58:46.845782,-1,Uncategorized / one-off
1949,335,hygiene,resolved,2026-08-04 05:58:46.845782,-1,Uncategorized / one-off
1950,343,quantity,resolved,2026-08-04 05:58:46.845782,-1,Uncategorized / one-off
1951,224,quantity,resolved,2026-08-04 05:58:46.845782,-1,Uncategorized / one-off
1952,295,food_quality,open,2026-08-04 05:58:46.845782,-1,Uncategorized / one-off
1953,309,food_quality,resolved,2026-08-04 05:58:46.845782,-1,Uncategorized / one-off
1954,336,service,resolved,2026-08-04 05:58:46.845782,-1,Uncategorized / one-off
1955,373,food_quality,open,2026-08-04 05:58:46.845782,-1,Uncategorized / one-off
1956,380,quantity,open,2026-08-04 05:58:46.845782,-1,Uncategorized / one-off
1957,388,food_quality,resolved,2026-08-04 05:58:46.845782,-1,Uncategorized / one-off
1958,216,quantity,resolved,2026-08-04 05:58:46.845782,-1,Uncategorized / one-off
1959,231,hygiene,resolved,2026-08-04 05:58:46.845782,-1,Uncategorized / one-off
1960,261,quantity,resolved,2026-08-04 05:58:46.845782,-1,Uncategorized / one-off
1961,279,hygiene,resolved,2026-08-04 05:58:46.845782,-1,Uncategorized / one-off
1962,290,hygiene,resolved,2026-08-04 05:58:46.845782,-1,Uncategorized / one-off
1963,300,hygiene,resolved,2026-08-04 05:58:46.845782,-1,Uncategorized / one-off
1964,307,service,resolved,2026-08-04 05:58:46.845782,-1,Uncategorized / one-off
1965,336,service,open,2026-08-04 05:58:46.845782,-1,Uncategorized / one-off
1966,301,quantity,open,2026-08-04 05:58:46.845782,-1,Uncategorized / one-off
1967,260,food_quality,resolved,2026-08-04 05:58:46.845782,-1,Uncategorized / one-off
1968,270,food_quality,resolved,2026-08-04 05:58:46.845782,-1,Uncategorized / one-off
1969,316,service,open,2026-08-04 05:58:46.845782,-1,Uncategorized / one-off
1970,317,quantity,resolved,2026-08-04 05:58:46.845782,-1,Uncategorized / one-off
1971,328,service,resolved,2026-08-04 05:58:46.845782,-1,Uncategorized / one-off
1972,387,service,resolved,2026-08-04 05:58:46.845782,-1,Uncategorized / one-off
1973,402,hygiene,open,2026-08-04 05:58:46.845782,-1,Uncategorized / one-off
1974,358,food_quality,open,2026-08-04 05:58:46.845782,-1,Uncategorized / one-off
1975,396,service,open,2026-08-04 05:58:46.845782,-1,Uncategorized / one-off
1976,309,quantity,resolved,2026-08-04 05:58:46.845782,-1,Uncategorized / one-off
1977,344,service,resolved,2026-08-04 05:58:46.845782,-1,Uncategorized / one-off
1978,365,hygiene,resolved,2026-08-04 05:58:46.845782,-1,Uncategorized / one-off
1979,378,quantity,resolved,2026-08-04 05:58:46.845782,-1,Uncategorized / one-off
1980,361,food_quality,resolved,2026-08-04 05:58:46.845782,-1,Uncategorized / one-off
1981,400,service,resolved,2026-08-04 05:58:46.845782,-1,Uncategorized / one-off
1982,318,service,resolved,2026-08-04 05:58:46.845782,-1,Uncategorized / one-off
1983,261,quantity,resolved,2026-08-04 05:58:46.845782,-1,Uncategorized / one-off
1984,277,quantity,resolved,2026-08-04 05:58:46.845782,-1,Uncategorized / one-off
1985,279,service,resolved,2026-08-04 05:58:46.845782,-1,Uncategorized / one-off
1986,322,quantity,open,2026-08-04 05:58:46.845782,-1,Uncategorized / one-off
1987,329,hygiene,resolved,2026-08-04 05:58:46.845782,-1,Uncategorized / one-off
1988,350,hygiene,resolved,2026-08-04 05:58:46.845782,-1,Uncategorized / one-off
1989,358,hygiene,resolved,2026-08-04 05:58:46.845782,-1,Uncategorized / one-off
1990,367,quantity,resolved,2026-08-04 05:58:46.845782,-1,Uncategorized / one-off
1991,371,food_quality,resolved,2026-08-04 05:58:46.845782,-1,Uncategorized / one-off
1992,390,hygiene,open,2026-08-04 05:58:46.845782,-1,Uncategorized / one-off
1993,399,quantity,resolved,2026-08-04 05:58:46.845782,-1,Uncategorized / one-off
1994,266,hygiene,resolved,2026-08-04 05:58:46.845782,-1,Uncategorized / one-off
1995,274,hygiene,resolved,2026-08-04 05:58:46.845782,-1,Uncategorized / one-off
1996,359,food_quality,resolved,2026-08-04 05:58:46.845782,-1,Uncategorized / one-off
1997,387,food_quality,resolved,2026-08-04 05:58:46.845782,-1,Uncategorized / one-off
1998,397,food_quality,open,2026-08-04 05:58:46.845782,-1,Uncategorized / one-off
1999,231,hygiene,resolved,2026-08-04 05:58:46.845782,-1,Uncategorized / one-off
2000,267,service,resolved,2026-08-04 05:58:46.845782,-1,Uncategorized / one-off
2001,271,quantity,open,2026-08-04 05:58:46.845782,-1,Uncategorized / one-off
2002,292,hygiene,resolved,2026-08-04 05:58:46.845782,-1,Uncategorized / one-off
2003,300,service,resolved,2026-08-04 05:58:46.845782,-1,Uncategorized / one-off
2004,317,service,resolved,2026-08-04 05:58:46.845782,-1,Uncategorized / one-off
2005,373,quantity,resolved,2026-08-04 05:58:46.845782,-1,Uncategorized / one-off
2006,271,hygiene,resolved,2026-08-04 05:58:46.845782,-1,Uncategorized / one-off
2007,208,quantity,resolved,2026-08-04 05:58:46.845782,-1,Uncategorized / one-off
2008,242,food_quality,resolved,2026-08-04 05:58:46.845782,-1,Uncategorized / one-off
2009,255,service,resolved,2026-08-04 05:58:46.845782,-1,Uncategorized / one-off
2010,291,food_quality,resolved,2026-08-04 05:58:46.845782,-1,Uncategorized / one-off
2011,320,food_quality,resolved,2026-08-04 05:58:46.845782,-1,Uncategorized / one-off
2012,399,food_quality,open,2026-08-04 05:58:46.845782,-1,Uncategorized / one-off
2013,313,quantity,resolved,2026-08-04 05:58:46.845782,-1,Uncategorized / one-off
2014,212,quantity,resolved,2026-08-04 05:58:46.845782,-1,Uncategorized / one-off
2015,216,service,resolved,2026-08-04 05:58:46.845782,-1,Uncategorized / one-off
2016,217,hygiene,open,2026-08-04 05:58:46.845782,-1,Uncategorized / one-off
2017,244,quantity,resolved,2026-08-04 05:58:46.845782,-1,Uncategorized / one-off
2018,252,food_quality,resolved,2026-08-04 05:58:46.845782,-1,Uncategorized / one-off
2019,302,hygiene,resolved,2026-08-04 05:58:46.845782,-1,Uncategorized / one-off
2020,307,service,resolved,2026-08-04 05:58:46.845782,-1,Uncategorized / one-off
2021,214,hygiene,resolved,2026-08-04 05:58:46.845782,-1,Uncategorized / one-off
2022,220,quantity,resolved,2026-08-04 05:58:46.845782,-1,Uncategorized / one-off
2023,245,quantity,resolved,2026-08-04 05:58:46.845782,-1,Uncategorized / one-off
2024,298,quantity,open,2026-08-04 05:58:46.845782,-1,Uncategorized / one-off
2025,312,service,resolved,2026-08-04 05:58:46.845782,-1,Uncategorized / one-off
2026,327,service,open,2026-08-04 05:58:46.845782,-1,Uncategorized / one-off
2027,337,service,resolved,2026-08-04 05:58:46.845782,-1,Uncategorized / one-off
2028,362,food_quality,resolved,2026-08-04 05:58:46.845782,-1,Uncategorized / one-off
2029,401,food_quality,resolved,2026-08-04 05:58:46.845782,-1,Uncategorized / one-off
2030,320,quantity,resolved,2026-08-04 05:58:46.845782,-1,Uncategorized / one-off
2031,232,hygiene,resolved,2026-08-04 05:58:46.845782,-1,Uncategorized / one-off
2032,285,service,resolved,2026-08-04 05:58:46.845782,-1,Uncategorized / one-off
2033,326,food_quality,open,2026-08-04 05:58:46.845782,-1,Uncategorized / one-off
2034,348,hygiene,open,2026-08-04 05:58:46.845782,-1,Uncategorized / one-off
2035,377,service,open,2026-08-04 05:58:46.845782,-1,Uncategorized / one-off
2036,384,quantity,resolved,2026-08-04 05:58:46.845782,-1,Uncategorized / one-off
2037,318,service,resolved,2026-08-04 05:58:46.845782,-1,Uncategorized / one-off
2038,220,food_quality,open,2026-08-04 05:58:46.845782,-1,Uncategorized / one-off
2039,223,service,resolved,2026-08-04 05:58:46.845782,-1,Uncategorized / one-off
2040,301,hygiene,resolved,2026-08-04 05:58:46.845782,-1,Uncategorized / one-off
2041,305,service,resolved,2026-08-04 05:58:46.845782,-1,Uncategorized / one-off
2042,393,service,open,2026-08-04 05:58:46.845782,-1,Uncategorized / one-off
2043,228,hygiene,open,2026-08-04 05:58:46.845782,-1,Uncategorized / one-off
2044,240,service,resolved,2026-08-04 05:58:46.845782,-1,Uncategorized / one-off
2045,259,food_quality,resolved,2026-08-04 05:58:46.845782,-1,Uncategorized / one-off
2046,233,quantity,resolved,2026-08-04 05:58:46.845782,-1,Uncategorized / one-off
2047,252,hygiene,resolved,2026-08-04 05:58:46.845782,-1,Uncategorized / one-off
2048,267,hygiene,open,2026-08-04 05:58:46.845782,-1,Uncategorized / one-off
2049,220,service,resolved,2026-08-04 05:58:46.845782,-1,Uncategorized / one-off
2050,366,quantity,resolved,2026-08-04 05:58:46.845782,-1,Uncategorized / one-off
2051,219,quantity,open,2026-08-04 05:58:46.845782,-1,Uncategorized / one-off
2052,272,service,resolved,2026-08-04 05:58:46.845782,-1,Uncategorized / one-off
2053,356,service,resolved,2026-08-04 05:58:46.845782,-1,Uncategorized / one-off
2054,219,food_quality,resolved,2026-08-04 05:58:46.845782,-1,Uncategorized / one-off
2055,238,service,resolved,2026-08-04 05:58:46.845782,-1,Uncategorized / one-off
2056,279,service,resolved,2026-08-04 05:58:46.845782,-1,Uncategorized / one-off
2057,319,hygiene,resolved,2026-08-04 05:58:46.845782,-1,Uncategorized / one-off
2058,370,hygiene,open,2026-08-04 05:58:46.845782,-1,Uncategorized / one-off
2059,402,food_quality,resolved,2026-08-04 05:58:46.845782,-1,Uncategorized / one-off
2060,206,service,resolved,2026-08-04 05:58:46.845782,-1,Uncategorized / one-off
2061,219,food_quality,open,2026-08-04 05:58:46.845782,-1,Uncategorized / one-off
2062,228,food_quality,open,2026-08-04 05:58:46.845782,-1,Uncategorized / one-off
2063,290,hygiene,resolved,2026-08-04 05:58:46.845782,-1,Uncategorized / one-off
2064,348,food_quality,resolved,2026-08-04 05:58:46.845782,-1,Uncategorized / one-off
2065,388,service,resolved,2026-08-04 05:58:46.845782,-1,Uncategorized / one-off
2066,214,service,resolved,2026-08-04 05:58:46.845782,-1,Uncategorized / one-off
2067,217,service,resolved,2026-08-04 05:58:46.845782,-1,Uncategorized / one-off
2068,219,hygiene,resolved,2026-08-04 05:58:46.845782,-1,Uncategorized / one-off
2069,223,hygiene,resolved,2026-08-04 05:58:46.845782,-1,Uncategorized / one-off
2070,267,food_quality,resolved,2026-08-04 05:58:46.845782,-1,Uncategorized / one-off
2071,287,service,resolved,2026-08-04 05:58:46.845782,-1,Uncategorized / one-off
2072,289,quantity,resolved,2026-08-04 05:58:46.845782,-1,Uncategorized / one-off
2073,307,quantity,resolved,2026-08-04 05:58:46.845782,-1,Uncategorized / one-off
2074,332,service,open,2026-08-04 05:58:46.845782,-1,Uncategorized / one-off
2075,348,service,resolved,2026-08-04 05:58:46.845782,-1,Uncategorized / one-off
2076,363,quantity,resolved,2026-08-04 05:58:46.845782,-1,Uncategorized / one-off
2077,373,service,resolved,2026-08-04 05:58:46.845782,-1,Uncategorized / one-off
2078,241,service,open,2026-08-04 05:58:46.845782,-1,Uncategorized / one-off
2079,243,food_quality,resolved,2026-08-04 05:58:46.845782,-1,Uncategorized / one-off
2080,256,service,open,2026-08-04 05:58:46.845782,-1,Uncategorized / one-off
2081,258,food_quality,resolved,2026-08-04 05:58:46.845782,-1,Uncategorized / one-off
2082,260,quantity,open,2026-08-04 05:58:46.845782,-1,Uncategorized / one-off
2083,339,quantity,open,2026-08-04 05:58:46.845782,-1,Uncategorized / one-off
2084,340,food_quality,resolved,2026-08-04 05:58:46.845782,-1,Uncategorized / one-off
2085,267,food_quality,resolved,2026-08-04 05:58:46.845782,-1,Uncategorized / one-off
2086,217,hygiene,open,2026-08-04 05:58:46.845782,-1,Uncategorized / one-off
2087,221,quantity,open,2026-08-04 05:58:46.845782,-1,Uncategorized / one-off
2088,328,food_quality,resolved,2026-08-04 05:58:46.845782,-1,Uncategorized / one-off
2089,356,food_quality,resolved,2026-08-04 05:58:46.845782,-1,Uncategorized / one-off
2090,388,service,resolved,2026-08-04 05:58:46.845782,-1,Uncategorized / one-off
2091,397,service,open,2026-08-04 05:58:46.845782,-1,Uncategorized / one-off
2092,311,service,resolved,2026-08-04 05:58:46.845782,-1,Uncategorized / one-off
2093,403,quantity,resolved,2026-08-04 05:58:46.845782,-1,Uncategorized / one-off
2094,265,service,resolved,2026-08-04 05:58:46.845782,-1,Uncategorized / one-off
2095,274,hygiene,resolved,2026-08-04 05:58:46.845782,-1,Uncategorized / one-off
2096,289,service,resolved,2026-08-04 05:58:46.845782,-1,Uncategorized / one-off
2097,327,service,resolved,2026-08-04 05:58:46.845782,-1,Uncategorized / one-off
2098,344,food_quality,resolved,2026-08-04 05:58:46.845782,-1,Uncategorized / one-off
2099,393,hygiene,open,2026-08-04 05:58:46.845782,-1,Uncategorized / one-off
2100,399,quantity,resolved,2026-08-04 05:58:46.845782,-1,Uncategorized / one-off
2101,401,food_quality,open,2026-08-04 05:58:46.845782,-1,Uncategorized / one-off
2102,212,hygiene,resolved,2026-08-04 05:58:46.845782,-1,Uncategorized / one-off
2103,213,quantity,resolved,2026-08-04 05:58:46.845782,-1,Uncategorized / one-off
2104,214,food_quality,resolved,2026-08-04 05:58:46.845782,-1,Uncategorized / one-off
2105,233,hygiene,resolved,2026-08-04 05:58:46.845782,-1,Uncategorized / one-off
2106,334,service,resolved,2026-08-04 05:58:46.845782,-1,Uncategorized / one-off
2107,365,food_quality,resolved,2026-08-04 05:58:46.845782,-1,Uncategorized / one-off
2108,275,service,resolved,2026-08-04 05:58:46.845782,-1,Uncategorized / one-off
2109,346,hygiene,resolved,2026-08-04 05:58:46.845782,-1,Uncategorized / one-off
2110,371,quantity,open,2026-08-04 05:58:46.845782,-1,Uncategorized / one-off
2111,393,service,open,2026-08-04 05:58:46.845782,-1,Uncategorized / one-off
2112,213,quantity,resolved,2026-08-04 05:58:46.845782,-1,Uncategorized / one-off
2113,290,food_quality,open,2026-08-04 05:58:46.845782,-1,Uncategorized / one-off
2114,341,hygiene,resolved,2026-08-04 05:58:46.845782,-1,Uncategorized / one-off
2115,382,service,resolved,2026-08-04 05:58:46.845782,-1,Uncategorized / one-off
2116,383,quantity,open,2026-08-04 05:58:46.845782,-1,Uncategorized / one-off
2117,384,quantity,open,2026-08-04 05:58:46.845782,-1,Uncategorized / one-off
2118,397,food_quality,resolved,2026-08-04 05:58:46.845782,-1,Uncategorized / one-off
2119,293,quantity,resolved,2026-08-04 05:58:46.845782,-1,Uncategorized / one-off
2120,350,quantity,resolved,2026-08-04 05:58:46.845782,-1,Uncategorized / one-off
2121,268,quantity,resolved,2026-08-04 05:58:46.845782,-1,Uncategorized / one-off
2122,261,hygiene,open,2026-08-04 05:58:46.845782,-1,Uncategorized / one-off
2123,338,hygiene,resolved,2026-08-04 05:58:46.845782,-1,Uncategorized / one-off
2124,252,hygiene,resolved,2026-08-04 05:58:46.845782,-1,Uncategorized / one-off
2125,276,service,resolved,2026-08-04 05:58:46.845782,-1,Uncategorized / one-off
2126,291,food_quality,resolved,2026-08-04 05:58:46.845782,-1,Uncategorized / one-off
2127,296,hygiene,resolved,2026-08-04 05:58:46.845782,-1,Uncategorized / one-off
2128,344,quantity,resolved,2026-08-04 05:58:46.845782,-1,Uncategorized / one-off
2129,378,hygiene,resolved,2026-08-04 05:58:46.845782,-1,Uncategorized / one-off
2130,337,service,resolved,2026-08-04 05:58:46.845782,-1,Uncategorized / one-off
2131,365,hygiene,resolved,2026-08-04 05:58:46.845782,-1,Uncategorized / one-off
2132,293,service,resolved,2026-08-04 05:58:46.845782,-1,Uncategorized / one-off
2133,298,food_quality,resolved,2026-08-04 05:58:46.845782,-1,Uncategorized / one-off
2134,313,service,open,2026-08-04 05:58:46.845782,-1,Uncategorized / one-off
2135,320,food_quality,resolved,2026-08-04 05:58:46.845782,-1,Uncategorized / one-off
2136,339,hygiene,resolved,2026-08-04 05:58:46.845782,-1,Uncategorized / one-off
2137,363,food_quality,resolved,2026-08-04 05:58:46.845782,-1,Uncategorized / one-off
2138,401,service,resolved,2026-08-04 05:58:46.845782,-1,Uncategorized / one-off
2139,214,food_quality,resolved,2026-08-04 05:58:46.845782,-1,Uncategorized / one-off
2140,344,hygiene,resolved,2026-08-04 05:58:46.845782,-1,Uncategorized / one-off
2141,396,food_quality,resolved,2026-08-04 05:58:46.845782,-1,Uncategorized / one-off
2142,208,quantity,resolved,2026-08-04 05:58:46.845782,-1,Uncategorized / one-off
2143,268,quantity,resolved,2026-08-04 05:58:46.845782,-1,Uncategorized / one-off
2144,281,quantity,open,2026-08-04 05:58:46.845782,-1,Uncategorized / one-off
2145,307,quantity,open,2026-08-04 05:58:46.845782,-1,Uncategorized / one-off
2146,362,quantity,open,2026-08-04 05:58:46.845782,-1,Uncategorized / one-off
2147,219,food_quality,resolved,2026-08-04 05:58:46.845782,-1,Uncategorized / one-off
2148,279,food_quality,resolved,2026-08-04 05:58:46.845782,-1,Uncategorized / one-off
2149,334,service,open,2026-08-04 05:58:46.845782,-1,Uncategorized / one-off
2150,343,quantity,resolved,2026-08-04 05:58:46.845782,-1,Uncategorized / one-off
2151,378,food_quality,resolved,2026-08-04 05:58:46.845782,-1,Uncategorized / one-off
2152,290,quantity,resolved,2026-08-04 05:58:46.845782,-1,Uncategorized / one-off
2153,223,food_quality,open,2026-08-04 05:58:46.845782,-1,Uncategorized / one-off
2154,279,quantity,resolved,2026-08-04 05:58:46.845782,-1,Uncategorized / one-off
2155,295,hygiene,resolved,2026-08-04 05:58:46.845782,-1,Uncategorized / one-off
2156,358,hygiene,resolved,2026-08-04 05:58:46.845782,-1,Uncategorized / one-off
2157,399,service,open,2026-08-04 05:58:46.845782,-1,Uncategorized / one-off
2158,403,hygiene,resolved,2026-08-04 05:58:46.845782,-1,Uncategorized / one-off
2159,259,quantity,resolved,2026-08-04 05:58:46.845782,-1,Uncategorized / one-off
2160,282,food_quality,resolved,2026-08-04 05:58:46.845782,-1,Uncategorized / one-off
2161,327,service,open,2026-08-04 05:58:46.845782,-1,Uncategorized / one-off
2162,361,quantity,resolved,2026-08-04 05:58:46.845782,-1,Uncategorized / one-off
2163,206,quantity,resolved,2026-08-04 05:58:46.845782,-1,Uncategorized / one-off
2164,235,hygiene,resolved,2026-08-04 05:58:46.845782,-1,Uncategorized / one-off
2165,299,quantity,resolved,2026-08-04 05:58:46.845782,-1,Uncategorized / one-off
2166,317,service,resolved,2026-08-04 05:58:46.845782,-1,Uncategorized / one-off
2167,325,service,resolved,2026-08-04 05:58:46.845782,-1,Uncategorized / one-off
2168,350,quantity,resolved,2026-08-04 05:58:46.845782,-1,Uncategorized / one-off
2169,377,hygiene,resolved,2026-08-04 05:58:46.845782,-1,Uncategorized / one-off
2170,382,hygiene,resolved,2026-08-04 05:58:46.845782,-1,Uncategorized / one-off
2171,232,quantity,resolved,2026-08-04 05:58:46.845782,-1,Uncategorized / one-off
2172,374,service,resolved,2026-08-04 05:58:46.845782,-1,Uncategorized / one-off
2173,216,quantity,open,2026-08-04 05:58:46.845782,-1,Uncategorized / one-off
2174,349,food_quality,resolved,2026-08-04 05:58:46.845782,-1,Uncategorized / one-off
2175,378,hygiene,open,2026-08-04 05:58:46.845782,-1,Uncategorized / one-off
2176,237,service,resolved,2026-08-04 05:58:46.845782,-1,Uncategorized / one-off
2177,245,quantity,resolved,2026-08-04 05:58:46.845782,-1,Uncategorized / one-off
2178,270,service,resolved,2026-08-04 05:58:46.845782,-1,Uncategorized / one-off
2179,297,food_quality,resolved,2026-08-04 05:58:46.845782,-1,Uncategorized / one-off
2180,313,quantity,resolved,2026-08-04 05:58:46.845782,-1,Uncategorized / one-off
2181,343,service,resolved,2026-08-04 05:58:46.845782,-1,Uncategorized / one-off
2182,344,service,open,2026-08-04 05:58:46.845782,-1,Uncategorized / one-off
2183,382,hygiene,resolved,2026-08-04 05:58:46.845782,-1,Uncategorized / one-off
2184,233,food_quality,resolved,2026-08-04 05:58:46.845782,-1,Uncategorized / one-off
2185,211,food_quality,resolved,2026-08-04 05:58:46.845782,-1,Uncategorized / one-off
2186,273,service,resolved,2026-08-04 05:58:46.845782,-1,Uncategorized / one-off
2187,296,hygiene,resolved,2026-08-04 05:58:46.845782,-1,Uncategorized / one-off
2188,334,service,resolved,2026-08-04 05:58:46.845782,-1,Uncategorized / one-off
2189,377,hygiene,resolved,2026-08-04 05:58:46.845782,-1,Uncategorized / one-off
2190,340,food_quality,resolved,2026-08-04 05:58:46.845782,-1,Uncategorized / one-off
2191,265,quantity,open,2026-08-04 05:58:46.845782,-1,Uncategorized / one-off
2192,275,service,resolved,2026-08-04 05:58:46.845782,-1,Uncategorized / one-off
2193,365,food_quality,open,2026-08-04 05:58:46.845782,-1,Uncategorized / one-off
2194,344,service,open,2026-08-04 05:58:46.845782,-1,Uncategorized / one-off
2195,274,hygiene,open,2026-08-04 05:58:46.845782,-1,Uncategorized / one-off
2196,290,service,resolved,2026-08-04 05:58:46.845782,-1,Uncategorized / one-off
2197,363,hygiene,resolved,2026-08-04 05:58:46.845782,-1,Uncategorized / one-off
2198,232,hygiene,resolved,2026-08-04 05:58:46.845782,-1,Uncategorized / one-off
2199,237,food_quality,resolved,2026-08-04 05:58:46.845782,-1,Uncategorized / one-off
2200,311,food_quality,resolved,2026-08-04 05:58:46.845782,-1,Uncategorized / one-off
2201,401,food_quality,resolved,2026-08-04 05:58:46.845782,-1,Uncategorized / one-off
2202,251,service,resolved,2026-08-04 05:58:46.845782,-1,Uncategorized / one-off
2203,299,quantity,resolved,2026-08-04 05:58:46.845782,-1,Uncategorized / one-off
2204,237,hygiene,open,2026-08-04 05:58:46.845782,-1,Uncategorized / one-off
2205,274,quantity,resolved,2026-08-04 05:58:46.845782,-1,Uncategorized / one-off
2206,287,hygiene,open,2026-08-04 05:58:46.845782,-1,Uncategorized / one-off
2207,333,service,resolved,2026-08-04 05:58:46.845782,-1,Uncategorized / one-off
2208,339,food_quality,resolved,2026-08-04 05:58:46.845782,-1,Uncategorized / one-off
2209,342,service,open,2026-08-04 05:58:46.845782,-1,Uncategorized / one-off
2210,382,quantity,resolved,2026-08-04 05:58:46.845782,-1,Uncategorized / one-off
2211,401,quantity,open,2026-08-04 05:58:46.845782,-1,Uncategorized / one-off
2212,239,hygiene,resolved,2026-08-04 05:58:46.845782,-1,Uncategorized / one-off
2213,288,food_quality,resolved,2026-08-04 05:58:46.845782,-1,Uncategorized / one-off
2214,303,hygiene,resolved,2026-08-04 05:58:46.845782,-1,Uncategorized / one-off
2215,359,food_quality,open,2026-08-04 05:58:46.845782,-1,Uncategorized / one-off
2216,383,service,resolved,2026-08-04 05:58:46.845782,-1,Uncategorized / one-off
2217,223,service,resolved,2026-08-04 05:58:46.845782,-1,Uncategorized / one-off
2218,239,food_quality,resolved,2026-08-04 05:58:46.845782,-1,Uncategorized / one-off
2219,267,service,resolved,2026-08-04 05:58:46.845782,-1,Uncategorized / one-off
2220,343,service,resolved,2026-08-04 05:58:46.845782,-1,Uncategorized / one-off
2221,356,service,resolved,2026-08-04 05:58:46.845782,-1,Uncategorized / one-off
2222,394,service,resolved,2026-08-04 05:58:46.845782,-1,Uncategorized / one-off
2223,277,food_quality,open,2026-08-04 05:58:46.845782,-1,Uncategorized / one-off
2224,397,food_quality,resolved,2026-08-04 05:58:46.845782,-1,Uncategorized / one-off
2225,243,quantity,resolved,2026-08-04 05:58:46.845782,-1,Uncategorized / one-off
2226,248,food_quality,resolved,2026-08-04 05:58:46.845782,-1,Uncategorized / one-off
2227,274,food_quality,resolved,2026-08-04 05:58:46.845782,-1,Uncategorized / one-off
2228,315,service,open,2026-08-04 05:58:46.845782,-1,Uncategorized / one-off
2229,262,service,resolved,2026-08-04 05:58:46.845782,-1,Uncategorized / one-off
2230,344,hygiene,resolved,2026-08-04 05:58:46.845782,-1,Uncategorized / one-off
2231,348,service,open,2026-08-04 05:58:46.845782,-1,Uncategorized / one-off
2232,356,food_quality,resolved,2026-08-04 05:58:46.845782,-1,Uncategorized / one-off
2233,385,quantity,resolved,2026-08-04 05:58:46.845782,-1,Uncategorized / one-off
2234,394,hygiene,resolved,2026-08-04 05:58:46.845782,-1,Uncategorized / one-off
2235,251,food_quality,open,2026-08-04 05:58:46.845782,-1,Uncategorized / one-off
2236,320,quantity,resolved,2026-08-04 05:58:46.845782,-1,Uncategorized / one-off
2237,350,service,resolved,2026-08-04 05:58:46.845782,-1,Uncategorized / one-off
2238,319,service,resolved,2026-08-04 05:58:46.845782,-1,Uncategorized / one-off
2239,358,food_quality,open,2026-08-04 05:58:46.845782,-1,Uncategorized / one-off
2240,384,food_quality,resolved,2026-08-04 05:58:46.845782,-1,Uncategorized / one-off
2241,339,food_quality,resolved,2026-08-04 05:58:46.845782,-1,Uncategorized / one-off
2242,354,food_quality,open,2026-08-04 05:58:46.845782,-1,Uncategorized / one-off
2243,296,food_quality,open,2026-08-04 05:58:46.845782,-1,Uncategorized / one-off
2244,300,hygiene,resolved,2026-08-04 05:58:46.845782,-1,Uncategorized / one-off
2245,332,hygiene,resolved,2026-08-04 05:58:46.845782,-1,Uncategorized / one-off
2246,385,service,open,2026-08-04 05:58:46.845782,-1,Uncategorized / one-off
2247,393,service,open,2026-08-04 05:58:46.845782,-1,Uncategorized / one-off
2248,232,hygiene,resolved,2026-08-04 05:58:46.845782,-1,Uncategorized / one-off
2249,234,quantity,resolved,2026-08-04 05:58:46.845782,-1,Uncategorized / one-off
2250,294,food_quality,resolved,2026-08-04 05:58:46.845782,-1,Uncategorized / one-off
2251,370,service,open,2026-08-04 05:58:46.845782,-1,Uncategorized / one-off
2252,379,service,resolved,2026-08-04 05:58:46.845782,-1,Uncategorized / one-off
2253,380,service,resolved,2026-08-04 05:58:46.845782,-1,Uncategorized / one-off
2254,395,hygiene,open,2026-08-04 05:58:46.845782,-1,Uncategorized / one-off
2255,216,quantity,open,2026-08-04 05:58:46.845782,-1,Uncategorized / one-off
2256,228,service,resolved,2026-08-04 05:58:46.845782,-1,Uncategorized / one-off
2257,231,food_quality,resolved,2026-08-04 05:58:46.845782,-1,Uncategorized / one-off
2258,249,quantity,resolved,2026-08-04 05:58:46.845782,-1,Uncategorized / one-off
2259,261,food_quality,resolved,2026-08-04 05:58:46.845782,-1,Uncategorized / one-off
2260,284,hygiene,resolved,2026-08-04 05:58:46.845782,-1,Uncategorized / one-off
2261,288,quantity,resolved,2026-08-04 05:58:46.845782,-1,Uncategorized / one-off
2262,342,service,resolved,2026-08-04 05:58:46.845782,-1,Uncategorized / one-off
2263,370,quantity,resolved,2026-08-04 05:58:46.845782,-1,Uncategorized / one-off
2264,399,hygiene,resolved,2026-08-04 05:58:46.845782,-1,Uncategorized / one-off
2265,231,service,resolved,2026-08-04 05:58:46.845782,-1,Uncategorized / one-off
2266,233,quantity,resolved,2026-08-04 05:58:46.845782,-1,Uncategorized / one-off
2267,240,quantity,resolved,2026-08-04 05:58:46.845782,-1,Uncategorized / one-off
2268,258,hygiene,resolved,2026-08-04 05:58:46.845782,-1,Uncategorized / one-off
2269,297,hygiene,resolved,2026-08-04 05:58:46.845782,-1,Uncategorized / one-off
2270,320,food_quality,resolved,2026-08-04 05:58:46.845782,-1,Uncategorized / one-off
2271,377,food_quality,open,2026-08-04 05:58:46.845782,-1,Uncategorized / one-off
2272,404,food_quality,resolved,2026-08-04 05:58:46.845782,-1,Uncategorized / one-off
2273,279,service,resolved,2026-08-04 05:58:46.845782,-1,Uncategorized / one-off
2274,373,service,resolved,2026-08-04 05:58:46.845782,-1,Uncategorized / one-off
2275,387,quantity,resolved,2026-08-04 05:58:46.845782,-1,Uncategorized / one-off
2276,397,food_quality,resolved,2026-08-04 05:58:46.845782,-1,Uncategorized / one-off
2277,221,quantity,resolved,2026-08-04 05:58:46.845782,-1,Uncategorized / one-off
2278,228,service,open,2026-08-04 05:58:46.845782,-1,Uncategorized / one-off
2279,283,food_quality,resolved,2026-08-04 05:58:46.845782,-1,Uncategorized / one-off
2280,285,quantity,resolved,2026-08-04 05:58:46.845782,-1,Uncategorized / one-off
2281,293,hygiene,resolved,2026-08-04 05:58:46.845782,-1,Uncategorized / one-off
2282,307,quantity,resolved,2026-08-04 05:58:46.845782,-1,Uncategorized / one-off
2283,320,hygiene,resolved,2026-08-04 05:58:46.845782,-1,Uncategorized / one-off
2284,329,food_quality,resolved,2026-08-04 05:58:46.845782,-1,Uncategorized / one-off
2285,309,quantity,resolved,2026-08-04 05:58:46.845782,-1,Uncategorized / one-off
2286,257,food_quality,resolved,2026-08-04 05:58:46.845782,-1,Uncategorized / one-off
2287,276,food_quality,resolved,2026-08-04 05:58:46.845782,-1,Uncategorized / one-off
2288,312,service,resolved,2026-08-04 05:58:46.845782,-1,Uncategorized / one-off
2289,393,hygiene,resolved,2026-08-04 05:58:46.845782,-1,Uncategorized / one-off
2290,214,service,resolved,2026-08-04 05:58:46.845782,-1,Uncategorized / one-off
2291,271,service,resolved,2026-08-04 05:58:46.845782,-1,Uncategorized / one-off
2292,208,food_quality,open,2026-08-04 05:58:46.845782,-1,Uncategorized / one-off
2293,214,service,open,2026-08-04 05:58:46.845782,-1,Uncategorized / one-off
2294,245,food_quality,open,2026-08-04 05:58:46.845782,-1,Uncategorized / one-off
2295,257,quantity,resolved,2026-08-04 05:58:46.845782,-1,Uncategorized / one-off
2296,258,hygiene,open,2026-08-04 05:58:46.845782,-1,Uncategorized / one-off
2297,261,service,resolved,2026-08-04 05:58:46.845782,-1,Uncategorized / one-off
2298,293,hygiene,open,2026-08-04 05:58:46.845782,-1,Uncategorized / one-off
2299,322,quantity,resolved,2026-08-04 05:58:46.845782,-1,Uncategorized / one-off
2300,339,hygiene,resolved,2026-08-04 05:58:46.845782,-1,Uncategorized / one-off
2301,404,food_quality,open,2026-08-04 05:58:46.845782,-1,Uncategorized / one-off
2302,299,service,resolved,2026-08-04 05:58:46.845782,-1,Uncategorized / one-off
2303,312,quantity,open,2026-08-04 05:58:46.845782,-1,Uncategorized / one-off
2304,241,hygiene,resolved,2026-08-04 05:58:46.845782,-1,Uncategorized / one-off
2305,281,hygiene,resolved,2026-08-04 05:58:46.845782,-1,Uncategorized / one-off
2306,307,hygiene,resolved,2026-08-04 05:58:46.845782,-1,Uncategorized / one-off
2307,221,hygiene,resolved,2026-08-04 05:58:46.845782,-1,Uncategorized / one-off
2308,333,food_quality,open,2026-08-04 05:58:46.845782,-1,Uncategorized / one-off
2309,221,food_quality,resolved,2026-08-04 05:58:46.845782,-1,Uncategorized / one-off
2310,223,food_quality,resolved,2026-08-04 05:58:46.845782,-1,Uncategorized / one-off
2311,290,quantity,resolved,2026-08-04 05:58:46.845782,-1,Uncategorized / one-off
2312,295,service,resolved,2026-08-04 05:58:46.845782,-1,Uncategorized / one-off
2313,342,food_quality,open,2026-08-04 05:58:46.845782,-1,Uncategorized / one-off
2314,378,quantity,open,2026-08-04 05:58:46.845782,-1,Uncategorized / one-off
2315,382,hygiene,resolved,2026-08-04 05:58:46.845782,-1,Uncategorized / one-off
2316,232,food_quality,resolved,2026-08-04 05:58:46.845782,-1,Uncategorized / one-off
2317,258,quantity,open,2026-08-04 05:58:46.845782,-1,Uncategorized / one-off
2318,366,service,resolved,2026-08-04 05:58:46.845782,-1,Uncategorized / one-off
2319,235,hygiene,resolved,2026-08-04 05:58:46.845782,-1,Uncategorized / one-off
2320,244,hygiene,open,2026-08-04 05:58:46.845782,-1,Uncategorized / one-off
2321,267,hygiene,resolved,2026-08-04 05:58:46.845782,-1,Uncategorized / one-off
2322,320,food_quality,resolved,2026-08-04 05:58:46.845782,-1,Uncategorized / one-off
2323,393,food_quality,resolved,2026-08-04 05:58:46.845782,-1,Uncategorized / one-off
2324,232,food_quality,resolved,2026-08-04 05:58:46.845782,-1,Uncategorized / one-off
2325,207,quantity,open,2026-08-04 05:58:46.845782,-1,Uncategorized / one-off
2326,254,quantity,resolved,2026-08-04 05:58:46.845782,-1,Uncategorized / one-off
2327,279,quantity,resolved,2026-08-04 05:58:46.845782,-1,Uncategorized / one-off
2328,299,service,resolved,2026-08-04 05:58:46.845782,-1,Uncategorized / one-off
2329,399,service,open,2026-08-04 05:58:46.845782,-1,Uncategorized / one-off
2330,228,food_quality,resolved,2026-08-04 05:58:46.845782,-1,Uncategorized / one-off
2331,232,quantity,resolved,2026-08-04 05:58:46.845782,-1,Uncategorized / one-off
2332,374,hygiene,resolved,2026-08-04 05:58:46.845782,-1,Uncategorized / one-off
2333,400,quantity,resolved,2026-08-04 05:58:46.845782,-1,Uncategorized / one-off
2334,249,service,open,2026-08-04 05:58:46.845782,-1,Uncategorized / one-off
2335,284,food_quality,resolved,2026-08-04 05:58:46.845782,-1,Uncategorized / one-off
2336,320,quantity,resolved,2026-08-04 05:58:46.845782,-1,Uncategorized / one-off
2337,371,service,resolved,2026-08-04 05:58:46.845782,-1,Uncategorized / one-off
2338,402,food_quality,open,2026-08-04 05:58:46.845782,-1,Uncategorized / one-off
2339,277,quantity,open,2026-08-04 05:58:46.845782,-1,Uncategorized / one-off
2340,284,food_quality,open,2026-08-04 05:58:46.845782,-1,Uncategorized / one-off
2341,289,service,resolved,2026-08-04 05:58:46.845782,-1,Uncategorized / one-off
2342,294,food_quality,open,2026-08-04 05:58:46.845782,-1,Uncategorized / one-off
2343,329,service,open,2026-08-04 05:58:46.845782,-1,Uncategorized / one-off
2344,404,hygiene,resolved,2026-08-04 05:58:46.845782,-1,Uncategorized / one-off
2345,217,food_quality,resolved,2026-08-04 05:58:46.845782,-1,Uncategorized / one-off
2346,266,food_quality,resolved,2026-08-04 05:58:46.845782,-1,Uncategorized / one-off
2347,231,hygiene,open,2026-08-04 05:58:46.845782,-1,Uncategorized / one-off
2348,276,service,open,2026-08-04 05:58:46.845782,-1,Uncategorized / one-off
2349,343,hygiene,resolved,2026-08-04 05:58:46.845782,-1,Uncategorized / one-off
2350,358,quantity,resolved,2026-08-04 05:58:46.845782,-1,Uncategorized / one-off
2351,359,food_quality,open,2026-08-04 05:58:46.845782,-1,Uncategorized / one-off
2352,399,hygiene,open,2026-08-04 05:58:46.845782,-1,Uncategorized / one-off
2353,378,food_quality,resolved,2026-08-04 05:58:46.845782,-1,Uncategorized / one-off
2354,265,service,open,2026-08-04 05:58:46.845782,-1,Uncategorized / one-off
2355,272,service,resolved,2026-08-04 05:58:46.845782,-1,Uncategorized / one-off
2356,287,hygiene,resolved,2026-08-04 05:58:46.845782,-1,Uncategorized / one-off
2357,292,food_quality,resolved,2026-08-04 05:58:46.845782,-1,Uncategorized / one-off
2358,303,quantity,open,2026-08-04 05:58:46.845782,-1,Uncategorized / one-off
2359,350,service,resolved,2026-08-04 05:58:46.845782,-1,Uncategorized / one-off
2360,212,quantity,resolved,2026-08-04 05:58:46.845782,-1,Uncategorized / one-off
2361,215,service,resolved,2026-08-04 05:58:46.845782,-1,Uncategorized / one-off
2362,218,food_quality,resolved,2026-08-04 05:58:46.845782,-1,Uncategorized / one-off
2363,220,quantity,resolved,2026-08-04 05:58:46.845782,-1,Uncategorized / one-off
2364,383,hygiene,open,2026-08-04 05:58:46.845782,-1,Uncategorized / one-off
2365,237,quantity,resolved,2026-08-04 05:58:46.845782,-1,Uncategorized / one-off
2366,242,service,open,2026-08-04 05:58:46.845782,-1,Uncategorized / one-off
2367,243,food_quality,resolved,2026-08-04 05:58:46.845782,-1,Uncategorized / one-off
2368,254,food_quality,resolved,2026-08-04 05:58:46.845782,-1,Uncategorized / one-off
2369,258,hygiene,resolved,2026-08-04 05:58:46.845782,-1,Uncategorized / one-off
2370,267,quantity,open,2026-08-04 05:58:46.845782,-1,Uncategorized / one-off
2371,271,quantity,resolved,2026-08-04 05:58:46.845782,-1,Uncategorized / one-off
2372,370,quantity,resolved,2026-08-04 05:58:46.845782,-1,Uncategorized / one-off
2373,387,quantity,resolved,2026-08-04 05:58:46.845782,-1,Uncategorized / one-off
2374,393,quantity,resolved,2026-08-04 05:58:46.845782,-1,Uncategorized / one-off
2375,355,food_quality,resolved,2026-08-04 05:58:46.845782,-1,Uncategorized / one-off
2376,250,food_quality,resolved,2026-08-04 05:58:46.845782,-1,Uncategorized / one-off
2377,206,food_quality,resolved,2026-08-04 05:58:46.845782,-1,Uncategorized / one-off
2378,261,quantity,open,2026-08-04 05:58:46.845782,-1,Uncategorized / one-off
2379,385,service,open,2026-08-04 05:58:46.845782,-1,Uncategorized / one-off
2380,243,service,resolved,2026-08-04 05:58:46.845782,-1,Uncategorized / one-off
2381,217,service,resolved,2026-08-04 05:58:46.845782,-1,Uncategorized / one-off
2382,317,quantity,resolved,2026-08-04 05:58:46.845782,-1,Uncategorized / one-off
2383,348,hygiene,open,2026-08-04 05:58:46.845782,-1,Uncategorized / one-off
2384,382,service,resolved,2026-08-04 05:58:46.845782,-1,Uncategorized / one-off
2385,289,service,open,2026-08-04 05:58:46.845782,-1,Uncategorized / one-off
2386,290,hygiene,resolved,2026-08-04 05:58:46.845782,-1,Uncategorized / one-off
2387,320,hygiene,resolved,2026-08-04 05:58:46.845782,-1,Uncategorized / one-off
2388,356,quantity,resolved,2026-08-04 05:58:46.845782,-1,Uncategorized / one-off
2389,211,food_quality,resolved,2026-08-04 05:58:46.845782,-1,Uncategorized / one-off
2390,385,service,resolved,2026-08-04 05:58:46.845782,-1,Uncategorized / one-off
2391,244,food_quality,resolved,2026-08-04 05:58:46.845782,-1,Uncategorized / one-off
2392,298,hygiene,resolved,2026-08-04 05:58:46.845782,-1,Uncategorized / one-off
2393,316,service,resolved,2026-08-04 05:58:46.845782,-1,Uncategorized / one-off
2394,363,food_quality,open,2026-08-04 05:58:46.845782,-1,Uncategorized / one-off
2395,255,service,resolved,2026-08-04 05:58:46.845782,-1,Uncategorized / one-off
2396,263,service,open,2026-08-04 05:58:46.845782,-1,Uncategorized / one-off
2397,279,quantity,resolved,2026-08-04 05:58:46.845782,-1,Uncategorized / one-off
2398,294,quantity,resolved,2026-08-04 05:58:46.845782,-1,Uncategorized / one-off
2399,347,quantity,resolved,2026-08-04 05:58:46.845782,-1,Uncategorized / one-off
2400,362,service,resolved,2026-08-04 05:58:46.845782,-1,Uncategorized / one-off
2401,377,service,resolved,2026-08-04 05:58:46.845782,-1,Uncategorized / one-off
2402,213,service,open,2026-08-04 05:58:46.845782,-1,Uncategorized / one-off
2403,224,service,resolved,2026-08-04 05:58:46.845782,-1,Uncategorized / one-off
2404,303,food_quality,open,2026-08-04 05:58:46.845782,-1,Uncategorized / one-off
2405,305,food_quality,resolved,2026-08-04 05:58:46.845782,-1,Uncategorized / one-off
2406,292,hygiene,resolved,2026-08-04 05:58:46.845782,-1,Uncategorized / one-off
2407,344,service,resolved,2026-08-04 05:58:46.845782,-1,Uncategorized / one-off
2408,346,quantity,resolved,2026-08-04 05:58:46.845782,-1,Uncategorized / one-off
2409,261,food_quality,resolved,2026-08-04 05:58:46.845782,-1,Uncategorized / one-off
2410,293,hygiene,open,2026-08-04 05:58:46.845782,-1,Uncategorized / one-off
2411,302,hygiene,resolved,2026-08-04 05:58:46.845782,-1,Uncategorized / one-off
2412,356,hygiene,resolved,2026-08-04 05:58:46.845782,-1,Uncategorized / one-off
2413,373,food_quality,resolved,2026-08-04 05:58:46.845782,-1,Uncategorized / one-off
2414,384,food_quality,resolved,2026-08-04 05:58:46.845782,-1,Uncategorized / one-off
2415,268,service,open,2026-08-04 05:58:46.845782,-1,Uncategorized / one-off
2416,216,service,open,2026-08-04 05:58:46.845782,-1,Uncategorized / one-off
2417,268,quantity,resolved,2026-08-04 05:58:46.845782,-1,Uncategorized / one-off
2418,336,service,open,2026-08-04 05:58:46.845782,-1,Uncategorized / one-off
2419,363,food_quality,resolved,2026-08-04 05:58:46.845782,-1,Uncategorized / one-off
2420,273,quantity,open,2026-08-04 05:58:46.845782,-1,Uncategorized / one-off
2421,275,food_quality,resolved,2026-08-04 05:58:46.845782,-1,Uncategorized / one-off
2422,316,quantity,open,2026-08-04 05:58:46.845782,-1,Uncategorized / one-off
2423,327,hygiene,resolved,2026-08-04 05:58:46.845782,-1,Uncategorized / one-off
2424,335,quantity,resolved,2026-08-04 05:58:46.845782,-1,Uncategorized / one-off
2425,358,service,resolved,2026-08-04 05:58:46.845782,-1,Uncategorized / one-off
2426,399,service,open,2026-08-04 05:58:46.845782,-1,Uncategorized / one-off
2427,404,food_quality,open,2026-08-04 05:58:46.845782,-1,Uncategorized / one-off
2428,224,hygiene,resolved,2026-08-04 05:58:46.845782,-1,Uncategorized / one-off
2429,244,service,resolved,2026-08-04 05:58:46.845782,-1,Uncategorized / one-off
2430,329,service,resolved,2026-08-04 05:58:46.845782,-1,Uncategorized / one-off
2431,347,food_quality,open,2026-08-04 05:58:46.845782,-1,Uncategorized / one-off
2432,385,hygiene,resolved,2026-08-04 05:58:46.845782,-1,Uncategorized / one-off
2433,248,hygiene,resolved,2026-08-04 05:58:46.845782,-1,Uncategorized / one-off
2434,343,food_quality,resolved,2026-08-04 05:58:46.845782,-1,Uncategorized / one-off
2435,388,food_quality,open,2026-08-04 05:58:46.845782,-1,Uncategorized / one-off
2436,241,hygiene,open,2026-08-04 05:58:46.845782,-1,Uncategorized / one-off
2437,256,food_quality,resolved,2026-08-04 05:58:46.845782,-1,Uncategorized / one-off
2438,273,service,resolved,2026-08-04 05:58:46.845782,-1,Uncategorized / one-off
2439,344,quantity,open,2026-08-04 05:58:46.845782,-1,Uncategorized / one-off
2440,358,hygiene,resolved,2026-08-04 05:58:46.845782,-1,Uncategorized / one-off
2441,373,quantity,resolved,2026-08-04 05:58:46.845782,-1,Uncategorized / one-off
2442,380,food_quality,resolved,2026-08-04 05:58:46.845782,-1,Uncategorized / one-off
2443,382,service,resolved,2026-08-04 05:58:46.845782,-1,Uncategorized / one-off
2444,293,hygiene,resolved,2026-08-04 05:58:46.845782,-1,Uncategorized / one-off
2445,295,quantity,resolved,2026-08-04 05:58:46.845782,-1,Uncategorized / one-off
2446,349,service,open,2026-08-04 05:58:46.845782,-1,Uncategorized / one-off
2447,223,service,resolved,2026-08-04 05:58:46.845782,-1,Uncategorized / one-off
2448,330,service,resolved,2026-08-04 05:58:46.845782,-1,Uncategorized / one-off
2449,358,quantity,open,2026-08-04 05:58:46.845782,-1,Uncategorized / one-off
2450,216,food_quality,resolved,2026-08-04 05:58:46.845782,-1,Uncategorized / one-off
2451,242,food_quality,resolved,2026-08-04 05:58:46.845782,-1,Uncategorized / one-off
2452,272,quantity,resolved,2026-08-04 05:58:46.845782,-1,Uncategorized / one-off
2453,299,food_quality,open,2026-08-04 05:58:46.845782,-1,Uncategorized / one-off
2454,347,service,open,2026-08-04 05:58:46.845782,-1,Uncategorized / one-off
2455,306,quantity,resolved,2026-08-04 05:58:46.845782,-1,Uncategorized / one-off
2456,215,hygiene,open,2026-08-04 05:58:46.845782,-1,Uncategorized / one-off
2457,206,quantity,open,2026-08-04 05:58:46.845782,-1,Uncategorized / one-off
2458,215,quantity,resolved,2026-08-04 05:58:46.845782,-1,Uncategorized / one-off
2459,243,service,resolved,2026-08-04 05:58:46.845782,-1,Uncategorized / one-off
2460,275,service,open,2026-08-04 05:58:46.845782,-1,Uncategorized / one-off
2461,349,quantity,resolved,2026-08-04 05:58:46.845782,-1,Uncategorized / one-off
2462,401,food_quality,resolved,2026-08-04 05:58:46.845782,-1,Uncategorized / one-off
2463,228,quantity,open,2026-08-04 05:58:46.845782,-1,Uncategorized / one-off
2464,232,service,open,2026-08-04 05:58:46.845782,-1,Uncategorized / one-off
2465,241,food_quality,resolved,2026-08-04 05:58:46.845782,-1,Uncategorized / one-off
2466,272,food_quality,resolved,2026-08-04 05:58:46.845782,-1,Uncategorized / one-off
2467,276,quantity,open,2026-08-04 05:58:46.845782,-1,Uncategorized / one-off
2468,295,hygiene,resolved,2026-08-04 05:58:46.845782,-1,Uncategorized / one-off
2469,296,quantity,resolved,2026-08-04 05:58:46.845782,-1,Uncategorized / one-off
2470,298,hygiene,resolved,2026-08-04 05:58:46.845782,-1,Uncategorized / one-off
2471,329,food_quality,open,2026-08-04 05:58:46.845782,-1,Uncategorized / one-off
2472,356,food_quality,resolved,2026-08-04 05:58:46.845782,-1,Uncategorized / one-off
2473,216,hygiene,resolved,2026-08-04 05:58:46.845782,-1,Uncategorized / one-off
2474,218,food_quality,resolved,2026-08-04 05:58:46.845782,-1,Uncategorized / one-off
2475,255,food_quality,resolved,2026-08-04 05:58:46.845782,-1,Uncategorized / one-off
2476,260,service,open,2026-08-04 05:58:46.845782,-1,Uncategorized / one-off
2477,265,food_quality,resolved,2026-08-04 05:58:46.845782,-1,Uncategorized / one-off
2478,276,service,resolved,2026-08-04 05:58:46.845782,-1,Uncategorized / one-off
2479,300,food_quality,resolved,2026-08-04 05:58:46.845782,-1,Uncategorized / one-off
2480,343,hygiene,resolved,2026-08-04 05:58:46.845782,-1,Uncategorized / one-off
2481,213,service,open,2026-08-04 05:58:46.845782,-1,Uncategorized / one-off
2482,228,food_quality,open,2026-08-04 05:58:46.845782,-1,Uncategorized / one-off
2483,256,food_quality,resolved,2026-08-04 05:58:46.845782,-1,Uncategorized / one-off
2484,290,hygiene,open,2026-08-04 05:58:46.845782,-1,Uncategorized / one-off
2485,335,food_quality,resolved,2026-08-04 05:58:46.845782,-1,Uncategorized / one-off
2486,391,food_quality,resolved,2026-08-04 05:58:46.845782,-1,Uncategorized / one-off
2487,393,service,resolved,2026-08-04 05:58:46.845782,-1,Uncategorized / one-off
2488,223,quantity,resolved,2026-08-04 05:58:46.845782,-1,Uncategorized / one-off
2489,228,quantity,open,2026-08-04 05:58:46.845782,-1,Uncategorized / one-off
2490,242,food_quality,open,2026-08-04 05:58:46.845782,-1,Uncategorized / one-off
2491,244,quantity,resolved,2026-08-04 05:58:46.845782,-1,Uncategorized / one-off
2492,277,quantity,resolved,2026-08-04 05:58:46.845782,-1,Uncategorized / one-off
2493,332,food_quality,resolved,2026-08-04 05:58:46.845782,-1,Uncategorized / one-off
2494,340,service,open,2026-08-04 05:58:46.845782,-1,Uncategorized / one-off
2495,362,quantity,resolved,2026-08-04 05:58:46.845782,-1,Uncategorized / one-off
2496,384,hygiene,resolved,2026-08-04 05:58:46.845782,-1,Uncategorized / one-off
2497,239,service,open,2026-08-04 05:58:46.845782,-1,Uncategorized / one-off
2498,308,food_quality,resolved,2026-08-04 05:58:46.845782,-1,Uncategorized / one-off
2499,255,food_quality,resolved,2026-08-04 05:58:46.845782,-1,Uncategorized / one-off
2500,272,quantity,resolved,2026-08-04 05:58:46.845782,-1,Uncategorized / one-off
2501,285,food_quality,resolved,2026-08-04 05:58:46.845782,-1,Uncategorized / one-off
2502,315,quantity,open,2026-08-04 05:58:46.845782,-1,Uncategorized / one-off
2503,348,food_quality,resolved,2026-08-04 05:58:46.845782,-1,Uncategorized / one-off
2504,236,service,open,2026-08-04 05:58:46.845782,-1,Uncategorized / one-off
2505,258,quantity,open,2026-08-04 05:58:46.845782,-1,Uncategorized / one-off
2506,283,food_quality,resolved,2026-08-04 05:58:46.845782,-1,Uncategorized / one-off
2507,300,quantity,resolved,2026-08-04 05:58:46.845782,-1,Uncategorized / one-off
2508,362,food_quality,resolved,2026-08-04 05:58:46.845782,-1,Uncategorized / one-off
2509,385,service,resolved,2026-08-04 05:58:46.845782,-1,Uncategorized / one-off
2510,394,service,resolved,2026-08-04 05:58:46.845782,-1,Uncategorized / one-off
2511,402,quantity,resolved,2026-08-04 05:58:46.845782,-1,Uncategorized / one-off
2512,243,service,resolved,2026-08-04 05:58:46.845782,-1,Uncategorized / one-off
2513,252,service,resolved,2026-08-04 05:58:46.845782,-1,Uncategorized / one-off
2514,289,hygiene,resolved,2026-08-04 05:58:46.845782,-1,Uncategorized / one-off
2515,299,service,resolved,2026-08-04 05:58:46.845782,-1,Uncategorized / one-off
2516,335,hygiene,open,2026-08-04 05:58:46.845782,-1,Uncategorized / one-off
2517,338,service,resolved,2026-08-04 05:58:46.845782,-1,Uncategorized / one-off
2518,220,service,resolved,2026-08-04 05:58:46.845782,-1,Uncategorized / one-off
2519,240,food_quality,resolved,2026-08-04 05:58:46.845782,-1,Uncategorized / one-off
2520,254,service,open,2026-08-04 05:58:46.845782,-1,Uncategorized / one-off
2521,362,food_quality,resolved,2026-08-04 05:58:46.845782,-1,Uncategorized / one-off
2522,370,service,resolved,2026-08-04 05:58:46.845782,-1,Uncategorized / one-off
2523,401,food_quality,resolved,2026-08-04 05:58:46.845782,-1,Uncategorized / one-off
2524,211,service,resolved,2026-08-04 05:58:46.845782,-1,Uncategorized / one-off
2525,327,hygiene,resolved,2026-08-04 05:58:46.845782,-1,Uncategorized / one-off
2526,329,service,resolved,2026-08-04 05:58:46.845782,-1,Uncategorized / one-off
2527,332,hygiene,resolved,2026-08-04 05:58:46.845782,-1,Uncategorized / one-off
2528,348,quantity,resolved,2026-08-04 05:58:46.845782,-1,Uncategorized / one-off
2529,349,food_quality,resolved,2026-08-04 05:58:46.845782,-1,Uncategorized / one-off
2530,383,food_quality,open,2026-08-04 05:58:46.845782,-1,Uncategorized / one-off
2531,384,food_quality,resolved,2026-08-04 05:58:46.845782,-1,Uncategorized / one-off
2532,394,food_quality,resolved,2026-08-04 05:58:46.845782,-1,Uncategorized / one-off
2533,274,hygiene,resolved,2026-08-04 05:58:46.845782,-1,Uncategorized / one-off
2534,307,food_quality,resolved,2026-08-04 05:58:46.845782,-1,Uncategorized / one-off
2535,311,service,open,2026-08-04 05:58:46.845782,-1,Uncategorized / one-off
2536,337,service,open,2026-08-04 05:58:46.845782,-1,Uncategorized / one-off
2537,371,food_quality,resolved,2026-08-04 05:58:46.845782,-1,Uncategorized / one-off
2538,383,food_quality,resolved,2026-08-04 05:58:46.845782,-1,Uncategorized / one-off
2539,392,quantity,resolved,2026-08-04 05:58:46.845782,-1,Uncategorized / one-off
2540,221,food_quality,resolved,2026-08-04 05:58:46.845782,-1,Uncategorized / one-off
2541,224,food_quality,open,2026-08-04 05:58:46.845782,-1,Uncategorized / one-off
2542,341,hygiene,resolved,2026-08-04 05:58:46.845782,-1,Uncategorized / one-off
2543,344,quantity,resolved,2026-08-04 05:58:46.845782,-1,Uncategorized / one-off
2544,350,quantity,resolved,2026-08-04 05:58:46.845782,-1,Uncategorized / one-off
2545,362,hygiene,resolved,2026-08-04 05:58:46.845782,-1,Uncategorized / one-off
2546,375,service,resolved,2026-08-04 05:58:46.845782,-1,Uncategorized / one-off
2547,387,service,open,2026-08-04 05:58:46.845782,-1,Uncategorized / one-off
2548,395,service,resolved,2026-08-04 05:58:46.845782,-1,Uncategorized / one-off
2549,208,food_quality,open,2026-08-04 05:58:46.845782,-1,Uncategorized / one-off
2550,294,hygiene,resolved,2026-08-04 05:58:46.845782,-1,Uncategorized / one-off
2551,379,service,open,2026-08-04 05:58:46.845782,-1,Uncategorized / one-off
2552,239,food_quality,open,2026-08-04 05:58:46.845782,-1,Uncategorized / one-off
2553,397,hygiene,resolved,2026-08-04 05:58:46.845782,-1,Uncategorized / one-off
2554,239,hygiene,resolved,2026-08-04 05:58:46.845782,-1,Uncategorized / one-off
2555,271,hygiene,resolved,2026-08-04 05:58:46.845782,-1,Uncategorized / one-off
2556,338,service,resolved,2026-08-04 05:58:46.845782,-1,Uncategorized / one-off
2557,340,quantity,resolved,2026-08-04 05:58:46.845782,-1,Uncategorized / one-off
2558,329,hygiene,open,2026-08-04 05:58:46.845782,-1,Uncategorized / one-off
2559,303,quantity,resolved,2026-08-04 05:58:46.845782,-1,Uncategorized / one-off
2560,317,quantity,resolved,2026-08-04 05:58:46.845782,-1,Uncategorized / one-off
2561,402,quantity,resolved,2026-08-04 05:58:46.845782,-1,Uncategorized / one-off
2562,217,service,resolved,2026-08-04 05:58:46.845782,-1,Uncategorized / one-off
2563,244,hygiene,open,2026-08-04 05:58:46.845782,-1,Uncategorized / one-off
2564,274,quantity,open,2026-08-04 05:58:46.845782,-1,Uncategorized / one-off
2565,298,hygiene,open,2026-08-04 05:58:46.845782,-1,Uncategorized / one-off
2566,333,hygiene,resolved,2026-08-04 05:58:46.845782,-1,Uncategorized / one-off
2567,344,hygiene,resolved,2026-08-04 05:58:46.845782,-1,Uncategorized / one-off
2568,348,hygiene,resolved,2026-08-04 05:58:46.845782,-1,Uncategorized / one-off
2569,395,service,resolved,2026-08-04 05:58:46.845782,-1,Uncategorized / one-off
2570,215,service,open,2026-08-04 05:58:46.845782,-1,Uncategorized / one-off
2571,243,service,resolved,2026-08-04 05:58:46.845782,-1,Uncategorized / one-off
2572,290,food_quality,resolved,2026-08-04 05:58:46.845782,-1,Uncategorized / one-off
2573,327,service,open,2026-08-04 05:58:46.845782,-1,Uncategorized / one-off
2574,371,food_quality,resolved,2026-08-04 05:58:46.845782,-1,Uncategorized / one-off
2575,402,service,resolved,2026-08-04 05:58:46.845782,-1,Uncategorized / one-off
2576,404,service,resolved,2026-08-04 05:58:46.845782,-1,Uncategorized / one-off
2577,220,food_quality,resolved,2026-08-04 05:58:46.845782,-1,Uncategorized / one-off
2578,295,service,resolved,2026-08-04 05:58:46.845782,-1,Uncategorized / one-off
2579,346,service,resolved,2026-08-04 05:58:46.845782,-1,Uncategorized / one-off
2580,362,quantity,resolved,2026-08-04 05:58:46.845782,-1,Uncategorized / one-off
2581,371,hygiene,resolved,2026-08-04 05:58:46.845782,-1,Uncategorized / one-off
2582,215,food_quality,resolved,2026-08-04 05:58:46.845782,-1,Uncategorized / one-off
2583,282,quantity,resolved,2026-08-04 05:58:46.845782,-1,Uncategorized / one-off
2584,295,food_quality,resolved,2026-08-04 05:58:46.845782,-1,Uncategorized / one-off
2585,317,quantity,resolved,2026-08-04 05:58:46.845782,-1,Uncategorized / one-off
2586,342,service,resolved,2026-08-04 05:58:46.845782,-1,Uncategorized / one-off
2587,362,hygiene,resolved,2026-08-04 05:58:46.845782,-1,Uncategorized / one-off
2588,396,quantity,resolved,2026-08-04 05:58:46.845782,-1,Uncategorized / one-off
2589,397,hygiene,resolved,2026-08-04 05:58:46.845782,-1,Uncategorized / one-off
2590,248,quantity,resolved,2026-08-04 05:58:46.845782,-1,Uncategorized / one-off
2591,258,service,resolved,2026-08-04 05:58:46.845782,-1,Uncategorized / one-off
2592,260,food_quality,resolved,2026-08-04 05:58:46.845782,-1,Uncategorized / one-off
2593,298,service,open,2026-08-04 05:58:46.845782,-1,Uncategorized / one-off
2594,307,service,resolved,2026-08-04 05:58:46.845782,-1,Uncategorized / one-off
2595,317,food_quality,open,2026-08-04 05:58:46.845782,-1,Uncategorized / one-off
2596,320,food_quality,resolved,2026-08-04 05:58:46.845782,-1,Uncategorized / one-off
2597,348,hygiene,open,2026-08-04 05:58:46.845782,-1,Uncategorized / one-off
2598,383,quantity,open,2026-08-04 05:58:46.845782,-1,Uncategorized / one-off
2599,384,hygiene,open,2026-08-04 05:58:46.845782,-1,Uncategorized / one-off
2600,385,hygiene,resolved,2026-08-04 05:58:46.845782,-1,Uncategorized / one-off
2601,393,service,resolved,2026-08-04 05:58:46.845782,-1,Uncategorized / one-off
2602,207,quantity,resolved,2026-08-04 05:58:46.845782,-1,Uncategorized / one-off
2603,259,food_quality,resolved,2026-08-04 05:58:46.845782,-1,Uncategorized / one-off
2604,228,quantity,resolved,2026-08-04 05:58:46.845782,-1,Uncategorized / one-off
2605,241,food_quality,resolved,2026-08-04 05:58:46.845782,-1,Uncategorized / one-off
2606,271,food_quality,resolved,2026-08-04 05:58:46.845782,-1,Uncategorized / one-off
2607,312,food_quality,open,2026-08-04 05:58:46.845782,-1,Uncategorized / one-off
2608,338,quantity,resolved,2026-08-04 05:58:46.845782,-1,Uncategorized / one-off
2609,223,food_quality,resolved,2026-08-04 05:58:46.845782,-1,Uncategorized / one-off
2610,362,hygiene,open,2026-08-04 05:58:46.845782,-1,Uncategorized / one-off
2611,367,quantity,resolved,2026-08-04 05:58:46.845782,-1,Uncategorized / one-off
2612,394,hygiene,resolved,2026-08-04 05:58:46.845782,-1,Uncategorized / one-off
2613,233,hygiene,open,2026-08-04 05:58:46.845782,-1,Uncategorized / one-off
2614,353,quantity,resolved,2026-08-04 05:58:46.845782,-1,Uncategorized / one-off
2615,340,food_quality,resolved,2026-08-04 05:58:46.845782,-1,Uncategorized / one-off
2616,350,hygiene,resolved,2026-08-04 05:58:46.845782,-1,Uncategorized / one-off
2617,384,service,resolved,2026-08-04 05:58:46.845782,-1,Uncategorized / one-off
2618,207,hygiene,resolved,2026-08-04 05:58:46.845782,-1,Uncategorized / one-off
2619,287,hygiene,resolved,2026-08-04 05:58:46.845782,-1,Uncategorized / one-off
2620,363,food_quality,resolved,2026-08-04 05:58:46.845782,-1,Uncategorized / one-off
2621,383,food_quality,resolved,2026-08-04 05:58:46.845782,-1,Uncategorized / one-off
2622,259,hygiene,resolved,2026-08-04 05:58:46.845782,-1,Uncategorized / one-off
2623,309,food_quality,open,2026-08-04 05:58:46.845782,-1,Uncategorized / one-off
2624,333,service,resolved,2026-08-04 05:58:46.845782,-1,Uncategorized / one-off
2625,284,quantity,resolved,2026-08-04 05:58:46.845782,-1,Uncategorized / one-off
2626,320,hygiene,resolved,2026-08-04 05:58:46.845782,-1,Uncategorized / one-off
2627,350,quantity,resolved,2026-08-04 05:58:46.845782,-1,Uncategorized / one-off
2628,358,quantity,resolved,2026-08-04 05:58:46.845782,-1,Uncategorized / one-off
2629,379,hygiene,open,2026-08-04 05:58:46.845782,-1,Uncategorized / one-off
2630,240,hygiene,open,2026-08-04 05:58:46.845782,-1,Uncategorized / one-off
2631,261,service,open,2026-08-04 05:58:46.845782,-1,Uncategorized / one-off
2632,329,food_quality,resolved,2026-08-04 05:58:46.845782,-1,Uncategorized / one-off
2633,350,quantity,resolved,2026-08-04 05:58:46.845782,-1,Uncategorized / one-off
2634,219,hygiene,resolved,2026-08-04 05:58:46.845782,-1,Uncategorized / one-off
2635,287,quantity,resolved,2026-08-04 05:58:46.845782,-1,Uncategorized / one-off
2636,313,food_quality,open,2026-08-04 05:58:46.845782,-1,Uncategorized / one-off
2637,401,hygiene,resolved,2026-08-04 05:58:46.845782,-1,Uncategorized / one-off
2638,245,service,resolved,2026-08-04 05:58:46.845782,-1,Uncategorized / one-off
2639,315,service,open,2026-08-04 05:58:46.845782,-1,Uncategorized / one-off
2640,268,service,open,2026-08-04 05:58:46.845782,-1,Uncategorized / one-off
2641,214,quantity,open,2026-08-04 05:58:46.845782,-1,Uncategorized / one-off
2642,232,hygiene,resolved,2026-08-04 05:58:46.845782,-1,Uncategorized / one-off
2643,258,hygiene,open,2026-08-04 05:58:46.845782,-1,Uncategorized / one-off
2644,263,food_quality,resolved,2026-08-04 05:58:46.845782,-1,Uncategorized / one-off
2645,319,hygiene,resolved,2026-08-04 05:58:46.845782,-1,Uncategorized / one-off
2646,339,service,resolved,2026-08-04 05:58:46.845782,-1,Uncategorized / one-off
2647,382,service,resolved,2026-08-04 05:58:46.845782,-1,Uncategorized / one-off
2648,274,quantity,resolved,2026-08-04 05:58:46.845782,-1,Uncategorized / one-off
2649,295,service,resolved,2026-08-04 05:58:46.845782,-1,Uncategorized / one-off
2650,394,hygiene,open,2026-08-04 05:58:46.845782,-1,Uncategorized / one-off
2651,217,hygiene,open,2026-08-04 05:58:46.845782,-1,Uncategorized / one-off
2652,295,quantity,resolved,2026-08-04 05:58:46.845782,-1,Uncategorized / one-off
2653,332,hygiene,resolved,2026-08-04 05:58:46.845782,-1,Uncategorized / one-off
2654,245,service,open,2026-08-04 05:58:46.845782,-1,Uncategorized / one-off
2655,361,hygiene,resolved,2026-08-04 05:58:46.845782,-1,Uncategorized / one-off
2656,384,hygiene,resolved,2026-08-04 05:58:46.845782,-1,Uncategorized / one-off
2657,402,service,resolved,2026-08-04 05:58:46.845782,-1,Uncategorized / one-off
2658,223,quantity,resolved,2026-08-04 05:58:46.845782,-1,Uncategorized / one-off
2659,312,hygiene,resolved,2026-08-04 05:58:46.845782,-1,Uncategorized / one-off
2660,319,quantity,resolved,2026-08-04 05:58:46.845782,-1,Uncategorized / one-off
2661,332,quantity,resolved,2026-08-04 05:58:46.845782,-1,Uncategorized / one-off
2662,390,food_quality,resolved,2026-08-04 05:58:46.845782,-1,Uncategorized / one-off
2663,279,quantity,resolved,2026-08-04 05:58:46.845782,-1,Uncategorized / one-off
2664,219,hygiene,open,2026-08-04 05:58:46.845782,-1,Uncategorized / one-off
2665,239,quantity,resolved,2026-08-04 05:58:46.845782,-1,Uncategorized / one-off
2666,256,quantity,open,2026-08-04 05:58:46.845782,-1,Uncategorized / one-off
2667,339,hygiene,open,2026-08-04 05:58:46.845782,-1,Uncategorized / one-off
2668,380,food_quality,open,2026-08-04 05:58:46.845782,-1,Uncategorized / one-off
2669,401,quantity,resolved,2026-08-04 05:58:46.845782,-1,Uncategorized / one-off
2670,223,hygiene,resolved,2026-08-04 05:58:46.845782,-1,Uncategorized / one-off
2671,285,hygiene,resolved,2026-08-04 05:58:46.845782,-1,Uncategorized / one-off
2672,258,quantity,resolved,2026-08-04 05:58:46.845782,-1,Uncategorized / one-off
2673,276,food_quality,open,2026-08-04 05:58:46.845782,-1,Uncategorized / one-off
2674,308,quantity,resolved,2026-08-04 05:58:46.845782,-1,Uncategorized / one-off
2675,339,food_quality,resolved,2026-08-04 05:58:46.845782,-1,Uncategorized / one-off
2676,242,hygiene,open,2026-08-04 05:58:46.845782,-1,Uncategorized / one-off
2677,272,quantity,resolved,2026-08-04 05:58:46.845782,-1,Uncategorized / one-off
2678,290,service,resolved,2026-08-04 05:58:46.845782,-1,Uncategorized / one-off
2679,293,quantity,resolved,2026-08-04 05:58:46.845782,-1,Uncategorized / one-off
2680,337,quantity,open,2026-08-04 05:58:46.845782,-1,Uncategorized / one-off
2681,390,quantity,resolved,2026-08-04 05:58:46.845782,-1,Uncategorized / one-off
2682,216,service,resolved,2026-08-04 05:58:46.845782,-1,Uncategorized / one-off
2683,256,service,resolved,2026-08-04 05:58:46.845782,-1,Uncategorized / one-off
2684,276,quantity,resolved,2026-08-04 05:58:46.845782,-1,Uncategorized / one-off
2685,292,service,resolved,2026-08-04 05:58:46.845782,-1,Uncategorized / one-off
2686,363,hygiene,open,2026-08-04 05:58:46.845782,-1,Uncategorized / one-off
2687,373,hygiene,open,2026-08-04 05:58:46.845782,-1,Uncategorized / one-off
2688,400,hygiene,resolved,2026-08-04 05:58:46.845782,-1,Uncategorized / one-off
2689,224,quantity,resolved,2026-08-04 05:58:46.845782,-1,Uncategorized / one-off
2690,248,service,resolved,2026-08-04 05:58:46.845782,-1,Uncategorized / one-off
2691,252,food_quality,resolved,2026-08-04 05:58:46.845782,-1,Uncategorized / one-off
2692,309,service,resolved,2026-08-04 05:58:46.845782,-1,Uncategorized / one-off
2693,335,hygiene,open,2026-08-04 05:58:46.845782,-1,Uncategorized / one-off
2694,367,quantity,open,2026-08-04 05:58:46.845782,-1,Uncategorized / one-off
2695,217,quantity,resolved,2026-08-04 05:58:46.845782,-1,Uncategorized / one-off
2696,300,hygiene,resolved,2026-08-04 05:58:46.845782,-1,Uncategorized / one-off
2697,315,quantity,resolved,2026-08-04 05:58:46.845782,-1,Uncategorized / one-off
2698,208,food_quality,resolved,2026-08-04 05:58:46.845782,-1,Uncategorized / one-off
2699,288,hygiene,resolved,2026-08-04 05:58:46.845782,-1,Uncategorized / one-off
2700,377,quantity,resolved,2026-08-04 05:58:46.845782,-1,Uncategorized / one-off
2701,367,hygiene,resolved,2026-08-04 05:58:46.845782,-1,Uncategorized / one-off
2702,229,quantity,open,2026-08-04 05:58:46.845782,-1,Uncategorized / one-off
2703,239,service,open,2026-08-04 05:58:46.845782,-1,Uncategorized / one-off
2704,241,service,resolved,2026-08-04 05:58:46.845782,-1,Uncategorized / one-off
2705,242,quantity,resolved,2026-08-04 05:58:46.845782,-1,Uncategorized / one-off
2706,215,food_quality,resolved,2026-08-04 05:58:46.845782,-1,Uncategorized / one-off
2707,262,hygiene,resolved,2026-08-04 05:58:46.845782,-1,Uncategorized / one-off
2708,272,quantity,resolved,2026-08-04 05:58:46.845782,-1,Uncategorized / one-off
2709,299,quantity,resolved,2026-08-04 05:58:46.845782,-1,Uncategorized / one-off
2710,300,service,resolved,2026-08-04 05:58:46.845782,-1,Uncategorized / one-off
2711,315,hygiene,open,2026-08-04 05:58:46.845782,-1,Uncategorized / one-off
2712,362,service,open,2026-08-04 05:58:46.845782,-1,Uncategorized / one-off
2713,396,hygiene,resolved,2026-08-04 05:58:46.845782,-1,Uncategorized / one-off
2714,228,quantity,resolved,2026-08-04 05:58:46.845782,-1,Uncategorized / one-off
2715,339,quantity,resolved,2026-08-04 05:58:46.845782,-1,Uncategorized / one-off
2716,363,hygiene,resolved,2026-08-04 05:58:46.845782,-1,Uncategorized / one-off
2717,259,hygiene,open,2026-08-04 05:58:46.845782,-1,Uncategorized / one-off
2718,312,service,resolved,2026-08-04 05:58:46.845782,-1,Uncategorized / one-off
2719,358,quantity,open,2026-08-04 05:58:46.845782,-1,Uncategorized / one-off
2720,367,quantity,resolved,2026-08-04 05:58:46.845782,-1,Uncategorized / one-off
2721,397,quantity,open,2026-08-04 05:58:46.845782,-1,Uncategorized / one-off
2722,265,quantity,resolved,2026-08-04 05:58:46.845782,-1,Uncategorized / one-off
2723,296,hygiene,resolved,2026-08-04 05:58:46.845782,-1,Uncategorized / one-off
2724,320,food_quality,resolved,2026-08-04 05:58:46.845782,-1,Uncategorized / one-off
2725,327,quantity,resolved,2026-08-04 05:58:46.845782,-1,Uncategorized / one-off
2726,211,hygiene,resolved,2026-08-04 05:58:46.845782,-1,Uncategorized / one-off
2727,224,service,resolved,2026-08-04 05:58:46.845782,-1,Uncategorized / one-off
2728,303,hygiene,resolved,2026-08-04 05:58:46.845782,-1,Uncategorized / one-off
2729,333,food_quality,open,2026-08-04 05:58:46.845782,-1,Uncategorized / one-off
2730,342,hygiene,resolved,2026-08-04 05:58:46.845782,-1,Uncategorized / one-off
2731,373,quantity,open,2026-08-04 05:58:46.845782,-1,Uncategorized / one-off
2732,232,service,open,2026-08-04 05:58:46.845782,-1,Uncategorized / one-off
2733,307,service,open,2026-08-04 05:58:46.845782,-1,Uncategorized / one-off
2734,322,hygiene,resolved,2026-08-04 05:58:46.845782,-1,Uncategorized / one-off
2735,401,food_quality,resolved,2026-08-04 05:58:46.845782,-1,Uncategorized / one-off
2736,268,food_quality,open,2026-08-04 05:58:46.845782,-1,Uncategorized / one-off
2737,352,quantity,resolved,2026-08-04 05:58:46.845782,-1,Uncategorized / one-off
2738,235,food_quality,resolved,2026-08-04 05:58:46.845782,-1,Uncategorized / one-off
2739,256,hygiene,resolved,2026-08-04 05:58:46.845782,-1,Uncategorized / one-off
2740,274,quantity,resolved,2026-08-04 05:58:46.845782,-1,Uncategorized / one-off
2741,305,hygiene,resolved,2026-08-04 05:58:46.845782,-1,Uncategorized / one-off
2742,324,food_quality,resolved,2026-08-04 05:58:46.845782,-1,Uncategorized / one-off
2743,344,quantity,resolved,2026-08-04 05:58:46.845782,-1,Uncategorized / one-off
2744,367,food_quality,resolved,2026-08-04 05:58:46.845782,-1,Uncategorized / one-off
2745,374,service,open,2026-08-04 05:58:46.845782,-1,Uncategorized / one-off
2746,402,food_quality,open,2026-08-04 05:58:46.845782,-1,Uncategorized / one-off
2747,217,service,resolved,2026-08-04 05:58:46.845782,-1,Uncategorized / one-off
2748,252,service,resolved,2026-08-04 05:58:46.845782,-1,Uncategorized / one-off
2749,259,service,resolved,2026-08-04 05:58:46.845782,-1,Uncategorized / one-off
2750,296,quantity,resolved,2026-08-04 05:58:46.845782,-1,Uncategorized / one-off
2751,393,service,resolved,2026-08-04 05:58:46.845782,-1,Uncategorized / one-off
2752,367,food_quality,resolved,2026-08-04 05:58:46.845782,-1,Uncategorized / one-off
2753,214,service,resolved,2026-08-04 05:58:46.845782,-1,Uncategorized / one-off
2754,239,food_quality,resolved,2026-08-04 05:58:46.845782,-1,Uncategorized / one-off
2755,375,quantity,resolved,2026-08-04 05:58:46.845782,-1,Uncategorized / one-off
2756,205,service,open,2026-08-04 05:58:46.845782,-1,Uncategorized / one-off
2757,295,food_quality,open,2026-08-04 05:58:46.845782,-1,Uncategorized / one-off
2758,313,service,resolved,2026-08-04 05:58:46.845782,-1,Uncategorized / one-off
2759,207,quantity,resolved,2026-08-04 05:58:46.845782,-1,Uncategorized / one-off
2760,232,hygiene,resolved,2026-08-04 05:58:46.845782,-1,Uncategorized / one-off
2761,249,food_quality,resolved,2026-08-04 05:58:46.845782,-1,Uncategorized / one-off
2762,283,service,resolved,2026-08-04 05:58:46.845782,-1,Uncategorized / one-off
2763,362,quantity,open,2026-08-04 05:58:46.845782,-1,Uncategorized / one-off
2764,329,food_quality,resolved,2026-08-04 05:58:46.845782,-1,Uncategorized / one-off
2765,391,quantity,resolved,2026-08-04 05:58:46.845782,-1,Uncategorized / one-off
2766,223,service,resolved,2026-08-04 05:58:46.845782,-1,Uncategorized / one-off
2767,290,hygiene,resolved,2026-08-04 05:58:46.845782,-1,Uncategorized / one-off
2768,322,food_quality,resolved,2026-08-04 05:58:46.845782,-1,Uncategorized / one-off
2769,370,service,resolved,2026-08-04 05:58:46.845782,-1,Uncategorized / one-off
2770,384,quantity,resolved,2026-08-04 05:58:46.845782,-1,Uncategorized / one-off
2771,219,service,resolved,2026-08-04 05:58:46.845782,-1,Uncategorized / one-off
2772,306,quantity,open,2026-08-04 05:58:46.845782,-1,Uncategorized / one-off
2773,332,food_quality,resolved,2026-08-04 05:58:46.845782,-1,Uncategorized / one-off
2774,215,service,resolved,2026-08-04 05:58:46.845782,-1,Uncategorized / one-off
2775,293,food_quality,resolved,2026-08-04 05:58:46.845782,-1,Uncategorized / one-off
2776,333,quantity,resolved,2026-08-04 05:58:46.845782,-1,Uncategorized / one-off
2777,402,food_quality,resolved,2026-08-04 05:58:46.845782,-1,Uncategorized / one-off
2778,285,quantity,resolved,2026-08-04 05:58:46.845782,-1,Uncategorized / one-off
2779,287,food_quality,open,2026-08-04 05:58:46.845782,-1,Uncategorized / one-off
2780,339,quantity,resolved,2026-08-04 05:58:46.845782,-1,Uncategorized / one-off
2781,396,quantity,resolved,2026-08-04 05:58:46.845782,-1,Uncategorized / one-off
2782,261,service,resolved,2026-08-04 05:58:46.845782,-1,Uncategorized / one-off
2783,288,hygiene,resolved,2026-08-04 05:58:46.845782,-1,Uncategorized / one-off
2784,296,food_quality,resolved,2026-08-04 05:58:46.845782,-1,Uncategorized / one-off
2785,307,service,resolved,2026-08-04 05:58:46.845782,-1,Uncategorized / one-off
2786,312,quantity,resolved,2026-08-04 05:58:46.845782,-1,Uncategorized / one-off
2787,313,hygiene,resolved,2026-08-04 05:58:46.845782,-1,Uncategorized / one-off
2788,383,hygiene,resolved,2026-08-04 05:58:46.845782,-1,Uncategorized / one-off
2789,396,service,resolved,2026-08-04 05:58:46.845782,-1,Uncategorized / one-off
2790,212,hygiene,resolved,2026-08-04 05:58:46.845782,-1,Uncategorized / one-off
2791,290,quantity,resolved,2026-08-04 05:58:46.845782,-1,Uncategorized / one-off
2792,214,quantity,resolved,2026-08-04 05:58:46.845782,-1,Uncategorized / one-off
2793,233,hygiene,resolved,2026-08-04 05:58:46.845782,-1,Uncategorized / one-off
2794,237,quantity,resolved,2026-08-04 05:58:46.845782,-1,Uncategorized / one-off
2795,272,quantity,resolved,2026-08-04 05:58:46.845782,-1,Uncategorized / one-off
2796,283,food_quality,resolved,2026-08-04 05:58:46.845782,-1,Uncategorized / one-off
2797,312,service,resolved,2026-08-04 05:58:46.845782,-1,Uncategorized / one-off
2798,367,food_quality,resolved,2026-08-04 05:58:46.845782,-1,Uncategorized / one-off
2799,377,service,resolved,2026-08-04 05:58:46.845782,-1,Uncategorized / one-off
2800,378,quantity,resolved,2026-08-04 05:58:46.845782,-1,Uncategorized / one-off
2801,382,service,resolved,2026-08-04 05:58:46.845782,-1,Uncategorized / one-off
2802,263,hygiene,resolved,2026-08-04 05:58:46.845782,-1,Uncategorized / one-off
2803,268,food_quality,resolved,2026-08-04 05:58:46.845782,-1,Uncategorized / one-off
2804,207,service,resolved,2026-08-04 05:58:46.845782,-1,Uncategorized / one-off
2805,339,hygiene,resolved,2026-08-04 05:58:46.845782,-1,Uncategorized / one-off
2806,207,food_quality,open,2026-08-04 05:58:46.845782,-1,Uncategorized / one-off
2807,215,quantity,open,2026-08-04 05:58:46.845782,-1,Uncategorized / one-off
2808,271,service,resolved,2026-08-04 05:58:46.845782,-1,Uncategorized / one-off
2809,348,food_quality,resolved,2026-08-04 05:58:46.845782,-1,Uncategorized / one-off
2810,384,service,open,2026-08-04 05:58:46.845782,-1,Uncategorized / one-off
2811,393,quantity,open,2026-08-04 05:58:46.845782,-1,Uncategorized / one-off
2812,400,quantity,resolved,2026-08-04 05:58:46.845782,-1,Uncategorized / one-off
2813,207,hygiene,resolved,2026-08-04 05:58:46.845782,-1,Uncategorized / one-off
2814,267,food_quality,resolved,2026-08-04 05:58:46.845782,-1,Uncategorized / one-off
2815,269,service,resolved,2026-08-04 05:58:46.845782,-1,Uncategorized / one-off
2816,218,service,open,2026-08-04 05:58:46.845782,-1,Uncategorized / one-off
2817,256,hygiene,resolved,2026-08-04 05:58:46.845782,-1,Uncategorized / one-off
2818,295,quantity,open,2026-08-04 05:58:46.845782,-1,Uncategorized / one-off
2819,305,hygiene,resolved,2026-08-04 05:58:46.845782,-1,Uncategorized / one-off
2820,316,food_quality,resolved,2026-08-04 05:58:46.845782,-1,Uncategorized / one-off
2821,348,food_quality,resolved,2026-08-04 05:58:46.845782,-1,Uncategorized / one-off
2822,370,service,resolved,2026-08-04 05:58:46.845782,-1,Uncategorized / one-off
2823,392,food_quality,resolved,2026-08-04 05:58:46.845782,-1,Uncategorized / one-off
2824,234,service,open,2026-08-04 05:58:46.845782,-1,Uncategorized / one-off
2825,240,quantity,resolved,2026-08-04 05:58:46.845782,-1,Uncategorized / one-off
2826,267,quantity,open,2026-08-04 05:58:46.845782,-1,Uncategorized / one-off
2827,287,service,resolved,2026-08-04 05:58:46.845782,-1,Uncategorized / one-off
2828,290,quantity,resolved,2026-08-04 05:58:46.845782,-1,Uncategorized / one-off
2829,322,food_quality,resolved,2026-08-04 05:58:46.845782,-1,Uncategorized / one-off
2830,259,food_quality,resolved,2026-08-04 05:58:46.845782,-1,Uncategorized / one-off
2831,269,hygiene,resolved,2026-08-04 05:58:46.845782,-1,Uncategorized / one-off
2832,339,hygiene,resolved,2026-08-04 05:58:46.845782,-1,Uncategorized / one-off
2833,344,quantity,open,2026-08-04 05:58:46.845782,-1,Uncategorized / one-off
2834,391,service,resolved,2026-08-04 05:58:46.845782,-1,Uncategorized / one-off
2835,244,hygiene,resolved,2026-08-04 05:58:46.845782,-1,Uncategorized / one-off
2836,256,quantity,open,2026-08-04 05:58:46.845782,-1,Uncategorized / one-off
2837,274,hygiene,resolved,2026-08-04 05:58:46.845782,-1,Uncategorized / one-off
2838,284,hygiene,resolved,2026-08-04 05:58:46.845782,-1,Uncategorized / one-off
2839,328,service,resolved,2026-08-04 05:58:46.845782,-1,Uncategorized / one-off
2840,329,service,resolved,2026-08-04 05:58:46.845782,-1,Uncategorized / one-off
2841,371,quantity,open,2026-08-04 05:58:46.845782,-1,Uncategorized / one-off
2842,208,food_quality,open,2026-08-04 05:58:46.845782,-1,Uncategorized / one-off
2843,217,quantity,open,2026-08-04 05:58:46.845782,-1,Uncategorized / one-off
2844,232,quantity,resolved,2026-08-04 05:58:46.845782,-1,Uncategorized / one-off
2845,256,service,resolved,2026-08-04 05:58:46.845782,-1,Uncategorized / one-off
2846,260,food_quality,resolved,2026-08-04 05:58:46.845782,-1,Uncategorized / one-off
2847,283,service,resolved,2026-08-04 05:58:46.845782,-1,Uncategorized / one-off
2848,317,hygiene,resolved,2026-08-04 05:58:46.845782,-1,Uncategorized / one-off
2849,391,quantity,open,2026-08-04 05:58:46.845782,-1,Uncategorized / one-off
2850,239,hygiene,resolved,2026-08-04 05:58:46.845782,-1,Uncategorized / one-off
2851,240,service,resolved,2026-08-04 05:58:46.845782,-1,Uncategorized / one-off
2852,282,hygiene,resolved,2026-08-04 05:58:46.845782,-1,Uncategorized / one-off
2853,323,service,resolved,2026-08-04 05:58:46.845782,-1,Uncategorized / one-off
2854,397,hygiene,resolved,2026-08-04 05:58:46.845782,-1,Uncategorized / one-off
2855,397,quantity,resolved,2026-08-04 05:58:46.845782,-1,Uncategorized / one-off
